Rk,Player,Pos,Age,Tm,G,GS,MP,FG,FGA,FG%,3P,3PA,3P%,2P,2PA,2P%,eFG%,FT,FTA,FT%,ORB,DRB,TRB,AST,STL,BLK,TOV,PF,PS/G
163,James Harden,1,27,HOU,28,28,36.8,8,18.3,0.439,3,8.5,0.356,5,9.8,0.513,0.522,8.6,10.3,0.836,1.3,6.7,8,11.8,1.5,0.3,5.6,2.6,27.7
419,Russell Westbrook,1,28,OKC,27,27,35.1,10.1,23.8,0.423,1.8,5.4,0.327,8.3,18.4,0.452,0.46,8.4,10.4,0.814,2.1,8.4,10.5,11,1.3,0.3,5.6,2.5,30.4
414,John Wall,1,26,WAS,23,23,36.2,8.7,19,0.456,1.4,3.7,0.372,7.3,15.2,0.477,0.493,5.5,6.7,0.824,0.9,3.5,4.3,9.6,2.3,0.6,4.4,2.3,24.2
326,Chris Paul,1,31,LAC,27,27,31.8,5.8,12.6,0.462,2.1,5.1,0.403,3.7,7.4,0.502,0.544,4.1,4.7,0.881,0.7,4.4,5.1,9.4,2.3,0.2,2.3,2.5,17.8
206,LeBron James,3,32,CLE,23,23,36.8,9.2,17.8,0.517,1.6,4.6,0.352,7.6,13.3,0.574,0.562,5,7.2,0.687,1.2,6.4,7.6,9,1.4,0.5,4,1.7,25
133,Tim Frazier,1,26,NOP,27,23,30.8,3.9,9,0.426,0.9,2.4,0.369,3,6.6,0.447,0.475,2.3,2.8,0.827,0.7,2.9,3.6,7.5,1,0.2,2.4,2.8,10.9
155,Draymond Green,4,26,GSW,27,27,32.8,3.7,8.9,0.423,1.2,3.5,0.34,2.6,5.4,0.476,0.49,1.8,2.7,0.662,1.9,6.9,8.7,7.3,2.2,1.4,2,2.9,10.5
257,Kyle Lowry,1,30,TOR,26,26,37.2,6.8,15,0.456,3.3,7.3,0.455,3.5,7.7,0.458,0.567,4.4,5.2,0.844,1,3.8,4.7,7.3,1.4,0.3,2.8,2.9,21.4
385,Jeff Teague,1,28,IND,28,28,31.7,4.9,11.6,0.425,0.9,3,0.306,4,8.6,0.467,0.465,4.3,5.2,0.828,0.4,3.5,4,7,1.9,0.5,2.6,2.5,15.1
352,Rajon Rondo,1,30,CHI,22,22,31,3.5,8.8,0.392,0.5,1.7,0.316,2.9,7.1,0.41,0.423,0.6,1.1,0.542,1,5.4,6.4,6.9,1.4,0.3,2.7,2.5,8
108,Goran Dragic,1,30,MIA,22,22,33.8,6.8,15,0.45,1.3,3.5,0.377,5.5,11.5,0.472,0.494,3.7,4.5,0.818,0.9,3.1,4,6.7,1.1,0.2,3.1,2.8,18.5
356,Ricky Rubio,1,26,MIN,21,21,31.2,2.1,5.8,0.364,0.6,2.3,0.25,1.5,3.5,0.438,0.413,2.1,2.6,0.818,1.3,2.8,4.1,6.6,1.5,0.1,1.9,2.6,6.9
425,Deron Williams,1,32,DAL,18,18,30.2,4.5,11.7,0.386,1.4,4.8,0.302,3.1,6.9,0.444,0.448,2.4,2.6,0.935,0.2,2.1,2.2,6.6,0.6,0.1,2,2.4,12.8
351,Sergio Rodriguez,1,30,PHI,25,24,27.3,3.6,9.1,0.392,1.4,4.1,0.343,2.2,5,0.432,0.469,0.3,0.3,0.875,0.4,2.7,3.1,6.5,1,0.2,2.6,1.5,8.8
363,Dennis Schroder,1,23,ATL,27,27,30.2,6.4,14,0.456,1.4,3.7,0.374,5,10.4,0.486,0.505,2.4,3,0.793,0.5,2.6,3,6.3,0.8,0.2,3.2,1.6,16.6
389,Isaiah Thomas,1,27,BOS,22,22,33.4,8,18.9,0.425,2.2,6.6,0.331,5.9,12.3,0.476,0.483,7.7,8.7,0.885,0.5,2.1,2.6,6.1,0.9,0.1,2.2,2.3,26
16,Giannis Antetokounmpo,2,22,MIL,25,25,34.7,8.4,16,0.524,0.7,2.5,0.274,7.7,13.6,0.569,0.545,5.1,6.6,0.765,1.8,7.2,9.1,6,2.1,2,3.3,3.8,22.6
187,Jrue Holiday,1,26,NOP,13,7,30.5,5.9,13.5,0.438,1.4,4.5,0.31,4.5,9.1,0.5,0.489,2.1,3.2,0.659,0.8,3.1,3.8,6,1.2,0.5,2.5,2.9,15.3
92,Stephen Curry,1,28,GSW,28,28,33.1,8,16.9,0.475,3.8,9.4,0.403,4.3,7.5,0.564,0.586,4.9,5.2,0.932,0.7,3.6,4.4,5.9,1.6,0.2,2.9,2.5,24.7
251,Jeremy Lin,1,28,BRK,7,5,24.9,5.3,11.3,0.468,1.1,3.4,0.333,4.1,7.9,0.527,0.519,2.9,4,0.714,0.3,3.3,3.6,5.9,1.1,0.6,2,0.9,14.6
374,Ish Smith,1,28,DET,29,21,27.3,4,9.6,0.417,0.3,1.3,0.243,3.7,8.3,0.444,0.433,1.1,1.4,0.756,0.3,2.6,2.9,5.9,0.8,0.3,1.4,1.7,9.4
250,Damian Lillard,1,26,POR,29,29,35.5,8.9,19.1,0.463,2.7,7.2,0.368,6.2,11.9,0.52,0.532,7.1,7.9,0.895,0.6,3.9,4.5,5.8,0.9,0.3,2.7,2.5,27.4
83,Mike Conley,1,29,MEM,18,17,31.9,5.8,13.4,0.436,2.3,5.2,0.452,3.5,8.2,0.426,0.523,4.6,5.1,0.891,0.4,3.1,3.5,5.7,1.4,0.6,2.3,1.6,18.6
100,Matthew Dellavedova,1,26,MIL,25,25,28.2,3.1,7.8,0.393,1.1,3,0.36,2,4.8,0.413,0.462,0.8,1,0.833,0.4,2.1,2.5,5.7,0.8,0,1.9,2,8
328,Elfrid Payton,1,22,ORL,28,16,28.6,4.5,10.2,0.442,0.5,2.2,0.246,4,8,0.496,0.468,1.4,2.3,0.585,0.8,3,3.8,5.7,1.2,0.6,1.9,2,10.9
26,J.J. Barea,1,32,DAL,9,5,33.1,5.7,13.7,0.415,2,5.2,0.383,3.7,8.4,0.434,0.488,3,3.1,0.964,0.4,3,3.4,5.4,0.7,0.1,2,0.9,16.3
31,Nicolas Batum,2,28,CHO,27,27,34.5,4.5,11.9,0.379,1.8,5.4,0.333,2.7,6.5,0.417,0.455,2.9,3.6,0.794,0.6,6.9,7.5,5.4,1.1,0.4,2.4,1.7,13.7
47,Eric Bledsoe,1,27,PHO,27,27,32.3,6.8,15.4,0.443,1.3,4.5,0.298,5.5,10.9,0.503,0.487,4.8,5.7,0.832,0.9,4.5,5.4,5.4,1.6,0.3,3,2.8,19.7
192,Al Horford,5,30,BOS,16,16,32.7,6,12.6,0.478,1.4,4,0.359,4.6,8.6,0.533,0.535,2.1,2.6,0.829,1.1,5.2,6.3,5.3,0.6,2.4,1.6,2.1,15.6
210,Brandon Jennings,1,27,NYK,27,4,23.9,2.7,7.3,0.376,1,3.3,0.307,1.7,4,0.431,0.444,1.8,2.2,0.814,0.4,2.3,2.7,5.3,1,0,2,1.4,8.3
413,Kemba Walker,1,26,CHO,27,27,33.2,8,17.3,0.463,2.7,6.4,0.414,5.3,10.9,0.491,0.54,3.8,4.8,0.791,0.4,3.3,3.8,5.3,1.4,0.3,2.1,1.4,22.4
203,Kyrie Irving,1,24,CLE,23,23,34.2,8.9,18.5,0.481,2.5,5.8,0.425,6.4,12.7,0.507,0.548,3.5,4,0.87,0.7,2.4,3.1,5,0.7,0.2,2.5,1.9,23.8
43,Patrick Beverley,2,28,HOU,17,17,30.5,3.1,7.4,0.424,1.5,3.9,0.394,1.6,3.5,0.458,0.528,0.5,0.7,0.667,1.9,4.1,5.9,4.8,1.4,0.5,1.5,3.3,8.2
205,Reggie Jackson,1,26,DET,8,8,26,5.1,13.3,0.387,1.4,3.9,0.355,3.8,9.4,0.4,0.439,2.6,3.1,0.84,0,1.9,1.9,4.8,0.6,0.1,2,3.1,14.3
380,Lance Stephenson,2,26,NOP,6,0,27,4.3,9.2,0.473,0.2,1.7,0.1,4.2,7.5,0.556,0.482,0.8,1.3,0.625,0.5,2.5,3,4.8,0.3,0.2,1.8,3,9.7
81,Darren Collison,1,29,SAC,18,14,31.1,4.7,10.1,0.467,1.2,2.8,0.412,3.6,7.3,0.489,0.525,2.9,3.4,0.839,0.4,1.7,2.1,4.7,1.2,0.1,2.1,1.7,13.5
113,Kevin Durant,3,28,GSW,28,28,34.3,9,16.8,0.538,1.9,4.7,0.409,7.1,12.1,0.589,0.596,5.8,6.7,0.862,0.7,7.8,8.5,4.7,1.3,1.6,2.3,2.1,25.8
272,T.J. McConnell,1,24,PHI,26,1,19.3,1.6,3.8,0.429,0.1,0.5,0.154,1.5,3.3,0.471,0.439,0.5,0.7,0.706,0.4,2.1,2.5,4.7,1.4,0.1,1.5,1.7,3.8
159,Blake Griffin,4,27,LAC,25,25,33.4,7.8,16.3,0.48,0.2,0.9,0.227,7.6,15.4,0.495,0.487,5.1,6.8,0.749,2.1,6.8,8.9,4.6,1,0.5,2.4,2.7,21
123,Jordan Farmar,1,30,SAC,2,0,17.5,2,6,0.333,2,4.5,0.444,0,1.5,0,0.5,0,0,,0.5,1,1.5,4.5,1,0,1.5,0.5,6
240,Ty Lawson,1,29,SAC,26,14,24.9,2.5,6.6,0.384,0.5,1.8,0.298,2,4.8,0.416,0.424,1.2,1.6,0.762,0.8,2,2.8,4.5,1.2,0.1,1.8,1.5,6.8
323,Tony Parker,1,34,SAS,18,18,25.3,4,8.8,0.453,0.4,1.1,0.35,3.6,7.7,0.468,0.475,1.6,1.8,0.875,0.2,1.5,1.7,4.5,0.4,0.1,1.6,1.9,9.9
359,D'Angelo Russell,1,20,LAL,17,17,25.5,5.1,12.9,0.397,2.4,6.2,0.387,2.7,6.6,0.407,0.491,2.4,3.1,0.769,0.5,2.8,3.3,4.5,1.2,0.3,3,2.1,15
353,Derrick Rose,1,28,NYK,23,23,31,6.6,14.4,0.456,0.3,1.5,0.235,6.2,12.9,0.481,0.468,2.9,3.5,0.838,1.2,2.7,4,4.4,0.7,0.4,2.4,1.6,16.4
32,Jerryd Bayless,1,28,PHI,3,1,23.7,3.7,10.7,0.344,0.7,1.7,0.4,3,9,0.333,0.375,3,3.3,0.9,1,3,4,4.3,0,0,3,1.3,11
303,Jameer Nelson,1,34,DEN,27,6,26.1,3.7,8.5,0.437,1.2,3.3,0.367,2.5,5.1,0.482,0.509,0.6,0.8,0.727,0.4,2.2,2.6,4.3,0.7,0.1,2,3.1,9.2
331,Mason Plumlee,5,26,POR,29,29,27.5,4.4,8.1,0.54,0,0.1,0,4.4,8,0.545,0.54,1.7,3.3,0.51,1.9,5.1,7,4.3,0.9,1.1,1.7,2.8,10.4
373,Marcus Smart,1,22,BOS,23,9,30.6,3.6,9.7,0.372,1.3,4.6,0.276,2.3,5.1,0.458,0.437,1.4,2.2,0.64,1,3.2,4.2,4.3,1.2,0.3,1.9,2.3,9.9
63,Jimmy Butler,3,27,CHI,26,26,36.3,7.6,16.7,0.453,1.2,3.3,0.345,6.4,13.4,0.48,0.487,8.5,9.5,0.887,1.6,5.1,6.7,4.2,1.7,0.3,2.1,1.8,24.8
102,DeMar DeRozan,2,27,TOR,26,26,35.6,10,20.8,0.483,0.5,1.6,0.286,9.6,19.2,0.5,0.494,7.7,9.1,0.848,0.9,4.3,5.2,4.2,1.2,0.1,2.7,1.8,28.3
183,George Hill,1,30,UTA,11,11,32.7,7.1,13.3,0.534,2.4,5.2,0.456,4.7,8.1,0.584,0.623,3.5,3.9,0.884,0.4,3.2,3.5,4.2,1.1,0.2,1.4,2.4,20
137,Marc Gasol,5,32,MEM,26,26,33.7,7.3,15.8,0.459,1.6,3.6,0.436,5.7,12.2,0.465,0.508,3.7,4.5,0.819,0.9,5.5,6.3,4.1,0.9,1.6,2,2.2,19.8
412,Dion Waiters,2,25,MIA,16,16,31.8,5.5,14.3,0.384,1.3,3.8,0.344,4.2,10.5,0.399,0.43,1.9,2.9,0.652,0.4,3,3.4,3.9,0.9,0.6,2.2,2.6,14.2
174,Gordon Hayward,3,26,UTA,20,20,35.4,7.3,16.4,0.445,1.8,5,0.35,5.6,11.4,0.487,0.498,6.1,7,0.871,0.5,5.8,6.3,3.8,1,0.3,2.2,1.8,22.5
295,Emmanuel Mudiay,1,20,DEN,26,26,29.7,4.6,12.3,0.371,1.1,3.7,0.305,3.5,8.7,0.398,0.416,2.8,3.7,0.779,0.6,3.5,4.1,3.8,0.8,0.3,2.9,1.9,13.1
116,Monta Ellis,2,31,IND,24,23,31.4,3.7,8.5,0.433,0.6,2.1,0.3,3,6.4,0.477,0.47,1.8,2.1,0.84,0.1,3.2,3.3,3.7,1.1,0.5,2.3,2.3,9.7
287,Paul Millsap,4,31,ATL,24,24,32.9,6.3,13.7,0.463,1,3.2,0.329,5.3,10.5,0.504,0.502,3.3,4.4,0.752,1.5,6.5,8,3.7,1.7,1,2.3,2.6,17
171,Andrew Harrison,2,22,MEM,27,12,27.1,2,6.9,0.29,0.7,3,0.235,1.3,3.9,0.333,0.341,2.5,3.3,0.764,0.3,2,2.3,3.6,1.3,0.6,1.7,3.6,7.2
271,C.J. McCollum,2,25,POR,29,29,34.1,8.2,17.1,0.478,2.6,5.7,0.455,5.6,11.4,0.489,0.553,3.1,3.4,0.908,0.8,2.8,3.7,3.6,1,0.6,2.1,2.8,22
411,Dwyane Wade,2,35,CHI,24,24,31.4,7.2,16.2,0.443,1,3.1,0.333,6.1,13,0.47,0.476,4.2,5.2,0.8,1.2,3,4.2,3.6,1.5,0.7,2.3,2,19.5
35,Bradley Beal,2,23,WAS,22,22,35,7.7,16.9,0.456,2.8,6.9,0.404,4.9,10,0.491,0.538,3.8,4.7,0.808,0.7,2.2,2.9,3.5,1,0.3,1.7,2.2,22
85,DeMarcus Cousins,5,26,SAC,25,25,34.5,9.6,21.5,0.449,1.6,4.6,0.36,8,16.9,0.473,0.487,7.2,9.4,0.758,2.4,8.5,10.9,3.5,1.2,1.4,2.9,3.8,28.1
131,Evan Fournier,2,24,ORL,28,28,33.2,6.1,13.6,0.445,1.9,5.1,0.368,4.2,8.5,0.492,0.514,3.5,4.1,0.845,0.5,2.4,2.8,3.5,1,0,2,2.7,17.5
286,Patty Mills,1,28,SAS,26,4,23.2,4,8.4,0.477,2,4.8,0.424,2,3.6,0.548,0.599,1.2,1.3,0.941,0.4,1.5,1.9,3.5,0.8,0,1.3,1.5,11.3
432,Justise Winslow,3,20,MIA,11,9,33.9,4.5,12.9,0.345,0.6,2.6,0.241,3.8,10.3,0.372,0.37,1.5,2.3,0.64,1.2,3.2,4.4,3.5,1.5,0.3,1.5,2.9,11
199,Andre Iguodala,3,33,GSW,27,0,24.6,2.3,5.1,0.457,0.7,2.4,0.308,1.6,2.7,0.589,0.529,0.5,0.9,0.565,0.6,3,3.5,3.4,0.8,0.4,0.6,1.4,5.9
340,Julius Randle,4,22,LAL,27,27,28.6,5.2,10.4,0.502,0.1,0.6,0.176,5.1,9.8,0.523,0.507,2.4,3.6,0.68,2,6.8,8.7,3.3,0.7,0.4,2.9,3.4,13
400,Beno Udrih,1,34,DET,23,0,16.4,2.7,5.8,0.463,0.4,1,0.391,2.3,4.8,0.477,0.496,1,1,0.917,0.2,1.4,1.6,3.3,0.3,0,0.8,0.8,6.7
427,Lou Williams,2,30,LAL,30,0,25.1,5.8,13,0.445,2,5.3,0.371,3.8,7.7,0.496,0.52,5.3,6.2,0.865,0.3,2.2,2.4,3.3,1.4,0.2,2.3,1.1,18.9
239,Zach LaVine,2,21,MIN,25,25,38,7.7,16.2,0.473,2.5,6.7,0.375,5.2,9.5,0.542,0.55,2.8,3.3,0.854,0.4,2.7,3.1,3.2,0.8,0.2,2,2.3,20.7
261,Shelvin Mack,1,26,UTA,27,3,22.4,3.2,7.2,0.446,0.7,2.3,0.317,2.5,4.9,0.508,0.497,0.9,1.2,0.758,0.4,1.8,2.1,3.2,1,0,1.9,1.9,8.1
420,Isaiah Whitehead,1,21,BRK,21,15,23,2.6,6.4,0.407,0.4,1.7,0.25,2.2,4.7,0.465,0.441,0.9,1.1,0.792,0.3,2,2.3,3.2,0.7,0.5,2.3,2.7,6.6
66,Kentavious Caldwell-Pope,2,23,DET,28,28,33.4,5.3,12.8,0.412,2.1,5.5,0.387,3.1,7.3,0.431,0.496,2,2.5,0.826,1,2.6,3.6,3.1,1.2,0.1,1.2,1.8,14.8
142,Paul George,3,26,IND,21,21,35.4,7.8,17.3,0.449,2.5,6.3,0.394,5.3,11,0.481,0.521,3.8,4.1,0.92,1,6,7,3.1,1.9,0.3,2.9,2.7,21.8
216,Tyler Johnson,2,24,MIA,25,0,30.9,4.6,11.1,0.414,1.2,3.3,0.373,3.4,7.8,0.431,0.469,2.6,3.4,0.756,0.6,4,4.6,3.1,1.2,0.6,1.1,2.1,13
218,Nikola Jokic,4,21,DEN,24,10,23.5,4.3,7.8,0.556,0.3,1.1,0.269,4,6.7,0.602,0.575,2,2.5,0.817,2.4,4.8,7.2,3.1,0.6,0.6,1.4,3.2,11
245,Kawhi Leonard,3,25,SAS,26,26,33.6,8.2,17.4,0.471,1.9,4.8,0.389,6.3,12.5,0.503,0.525,6.2,6.7,0.92,1.2,4.8,6,3.1,2,0.5,1.8,1.5,24.5
21,D.J. Augustin,1,29,ORL,28,12,20.7,3.1,7.6,0.408,1.5,4.2,0.368,1.6,3.4,0.458,0.509,1.6,1.9,0.846,0.1,1.3,1.4,3,0.5,0,1.1,1.5,9.3
99,Malcolm Delaney,1,27,ATL,27,0,16.6,2.1,5.5,0.385,0.3,1.3,0.194,1.9,4.1,0.446,0.409,1.4,1.6,0.881,0.1,1.6,1.7,3,0.4,0,1.5,1.6,5.9
139,Rudy Gay,3,30,SAC,23,23,33.5,6.7,14.6,0.455,1.3,3.6,0.349,5.4,11,0.49,0.499,4,4.7,0.844,0.9,5.3,6.2,3,1.6,0.7,2.2,2.5,18.6
368,Ramon Sessions,1,30,CHO,28,1,16.8,2,5.2,0.384,0.4,1.3,0.306,1.6,3.9,0.409,0.421,1.9,2.6,0.712,0.2,1.3,1.5,3,0.6,0.1,0.9,1,6.3
398,Evan Turner,2,28,POR,29,1,24.9,3.6,8.5,0.423,0.5,1.8,0.294,3.1,6.7,0.456,0.453,1.5,1.8,0.863,0.6,3.4,4,3,0.8,0.3,1.2,1.8,9.2
51,Devin Booker,2,20,PHO,26,26,33.2,6.9,16.8,0.411,1.7,5.1,0.326,5.3,11.8,0.448,0.46,3.3,4.2,0.806,0.5,2.2,2.7,2.9,0.9,0.3,2.7,3,18.8
55,Malcolm Brogdon,2,24,MIL,25,0,21.3,2.8,6.8,0.409,1,2.2,0.429,1.8,4.6,0.4,0.48,1,1.2,0.897,0.4,1.7,2.2,2.9,0.9,0.1,1.3,1.6,7.6
91,Seth Curry,1,26,DAL,22,6,27,3.9,9.2,0.424,1.4,4,0.337,2.5,5.2,0.491,0.498,0.6,0.9,0.7,0.4,2,2.3,2.9,1,0.1,1.2,1.9,9.8
167,Gary Harris,2,22,DEN,7,6,25,4.9,9.4,0.515,1,2.6,0.389,3.9,6.9,0.563,0.568,1.9,2.7,0.684,0.4,2.9,3.3,2.9,0.7,0.3,0.9,2.3,12.6
231,Brandon Knight,2,25,PHO,27,4,24,4.3,11.5,0.373,1,3.2,0.326,3.3,8.3,0.391,0.418,3,3.6,0.844,0.6,2.1,2.7,2.9,0.6,0,1.9,1.6,12.6
17,Carmelo Anthony,3,32,NYK,26,26,34.2,8,18.5,0.429,1.9,5.7,0.336,6,12.8,0.471,0.481,4.5,5.2,0.866,0.8,5.2,6,2.8,1,0.4,1.9,2.9,22.3
149,Eric Gordon,2,28,HOU,28,8,30.7,6,13.5,0.443,3.7,8.4,0.441,2.3,5.1,0.448,0.58,1.8,2.3,0.81,0.4,2.3,2.6,2.8,0.7,0.5,1.9,2,17.5
195,Marcelo Huertas,1,33,LAL,13,1,11.5,1.2,2.9,0.395,0.2,0.9,0.167,1,2,0.5,0.421,0.4,0.8,0.5,0.1,1,1.1,2.8,0.6,0.1,1.2,0.9,2.8
290,E'Twaun Moore,2,27,NOP,24,19,25.9,4.2,9.6,0.437,1,2.9,0.329,3.3,6.7,0.484,0.487,0.8,1.1,0.741,0.4,1.8,2.2,2.8,0.8,0.3,1.3,1.9,10.2
316,Victor Oladipo,2,24,OKC,24,24,34.3,6.3,13.9,0.455,2.1,5.6,0.381,4.2,8.3,0.505,0.531,1.3,2.1,0.62,0.5,4,4.5,2.8,0.9,0.3,1.8,1.8,16.1
71,Michael Carter-Williams,1,25,CHI,3,0,15,1.3,5,0.267,0.3,0.7,0.5,1,4.3,0.231,0.3,1,1.3,0.75,1,2,3,2.7,0.7,0.7,2,2,4
107,Toney Douglas,1,30,MEM,6,0,17.8,2.3,6,0.389,0.5,1.8,0.273,1.8,4.2,0.44,0.431,0.7,0.8,0.8,0.3,2.3,2.7,2.7,1,0.2,0.8,1.5,5.8
138,Pau Gasol,5,36,SAS,25,25,26.4,5.1,10.1,0.504,0.6,1.3,0.455,4.5,8.8,0.511,0.534,1.3,2.1,0.623,1.3,6.3,7.6,2.7,0.4,1.1,1.2,1.6,12.1
225,Cory Joseph,2,25,TOR,26,0,21.8,3.5,7.5,0.459,0.5,1.4,0.361,3,6.2,0.481,0.492,1.4,1.8,0.787,0.6,2.1,2.7,2.7,0.8,0.1,1,1.7,8.8
28,Matt Barnes,3,36,SAC,24,4,25,2.5,7,0.359,1.2,4,0.295,1.3,3,0.444,0.443,0.9,1.3,0.71,1,3.9,4.8,2.6,0.8,0.4,1.7,2.4,7.1
53,Avery Bradley,2,26,BOS,26,26,35.3,7.3,15.2,0.477,2.2,5.2,0.426,5,10,0.504,0.551,1.2,1.6,0.756,1.2,6.4,7.6,2.6,1.2,0.2,1.8,2.6,18
65,Jose Calderon,1,35,LAL,14,9,13.9,1.9,3.9,0.481,0.7,1.7,0.417,1.1,2.1,0.533,0.574,0.3,0.3,1,0.4,1.8,2.2,2.6,0.4,0.1,1.6,1.1,4.7
112,Kris Dunn,1,22,MIN,26,5,17.3,1.6,4.1,0.383,0.2,0.8,0.273,1.3,3.3,0.412,0.411,0.8,1.3,0.636,0.4,1.8,2.2,2.6,1.1,0.3,1.3,2.2,4.2
145,Manu Ginobili,2,39,SAS,22,0,19.4,2.4,6.5,0.364,1.1,3.1,0.362,1.2,3.4,0.365,0.451,1.4,1.5,0.882,0.4,2.1,2.5,2.6,1.3,0.2,1.6,1.5,7.2
226,Frank Kaminsky,5,23,CHO,26,6,25.3,3.8,10.1,0.378,1.2,4.2,0.291,2.6,5.8,0.441,0.439,1.3,1.9,0.673,0.9,3.8,4.7,2.6,0.6,0.4,1.1,1.3,10.1
230,Sean Kilpatrick,2,27,BRK,25,15,27.8,5.2,12.1,0.434,1.7,4.6,0.362,3.6,7.4,0.478,0.503,4.1,4.9,0.836,0.5,4.1,4.6,2.6,0.7,0.1,2.6,2.1,16.2
307,Joakim Noah,5,31,NYK,23,23,21.2,2,4.2,0.469,0,0,0,2,4.1,0.474,0.469,0.5,1.6,0.306,3,4.7,7.7,2.6,0.7,0.8,1.2,2.6,4.4
409,Nikola Vucevic,5,26,ORL,25,16,27.5,5.6,12.7,0.437,0.2,0.9,0.273,5.3,11.8,0.449,0.447,1.2,1.9,0.617,2.6,8.4,10.9,2.6,0.8,0.9,1.3,2.1,12.5
34,Kent Bazemore,3,27,ATL,25,22,26.4,4,10.8,0.367,1.1,3.9,0.289,2.8,6.9,0.41,0.419,1.5,2,0.76,0.7,2.7,3.4,2.5,1.4,0.6,1.7,2.2,10.6
89,Jae Crowder,3,26,BOS,18,18,30.3,4.8,9.9,0.483,2.1,5.3,0.396,2.7,4.6,0.585,0.59,1.6,1.7,0.903,0.5,4.5,5,2.5,0.9,0.4,1.3,2.6,13.2
78,Semaj Christon,1,24,OKC,26,0,14.7,1.3,4,0.32,0.2,0.9,0.217,1.1,3.1,0.35,0.345,0.3,0.7,0.529,0.3,1,1.3,2.4,0.5,0.1,0.7,1.3,3.1
223,Tyus Jones,1,20,MIN,18,0,11.6,1.1,2.6,0.426,0.6,1.3,0.435,0.6,1.3,0.417,0.532,0.8,0.8,0.933,0.3,1.1,1.3,2.4,0.7,0,0.7,0.7,3.6
280,Josh McRoberts,4,29,MIA,18,10,17.6,2,5.7,0.35,0.6,1.4,0.385,1.4,4.3,0.338,0.398,0.3,0.4,0.714,1.2,2.7,3.8,2.4,0.5,0.2,1.1,1.4,4.8
362,Tomas Satoransky,2,25,WAS,19,2,16,1.5,3.7,0.4,0.1,0.9,0.118,1.4,2.8,0.491,0.414,0.6,0.9,0.647,0.4,1.3,1.7,2.4,0.5,0,0.9,1.6,3.6
422,Andrew Wiggins,3,21,MIN,26,26,36.7,7.7,17.6,0.434,1.4,3.7,0.381,6.2,13.9,0.449,0.475,5.2,6.8,0.761,1.2,3.1,4.3,2.4,0.6,0.4,2.5,2.2,21.9
29,Will Barton,2,26,DEN,15,13,31,4.9,11.6,0.42,1.3,3.6,0.37,3.5,8,0.442,0.477,2.9,4.1,0.721,1.2,3.7,4.9,2.3,0.9,0.5,2,1.9,14
52,Trevor Booker,4,29,BRK,24,24,28.5,4.3,8.2,0.526,0.3,1,0.24,4,7.1,0.567,0.541,1.4,2,0.673,2.2,6.9,9.1,2.3,1.9,0.5,1.9,2.3,10.2
104,Boris Diaw,4,34,UTA,18,15,21.4,2.1,4.6,0.446,0.4,1.6,0.25,1.7,3.1,0.545,0.488,0.3,0.4,0.857,0.7,1.6,2.3,2.3,0.2,0,1.4,1.7,4.8
189,Rondae Hollis-Jefferson,3,22,BRK,22,14,22.6,2.1,5.8,0.359,0.3,1.2,0.231,1.8,4.6,0.392,0.383,2.3,3,0.785,0.7,4.1,4.8,2.3,0.9,0.5,1.3,2.4,6.8
254,Brook Lopez,5,28,BRK,23,23,28.7,7,15.3,0.456,1.9,5.4,0.347,5.1,10,0.515,0.517,4.3,5.2,0.825,1.9,3.4,5.3,2.3,0.6,1.7,2.2,2.3,20.2
289,Greg Monroe,5,26,MIL,24,0,19.3,3.6,7.3,0.5,0,0,,3.6,7.3,0.5,0.5,2.2,2.5,0.852,1.9,4.8,6.7,2.3,1.3,0.5,1.5,1.8,9.4
320,Zaza Pachulia,5,32,GSW,24,24,17.5,1.7,3.4,0.494,0,0,,1.7,3.4,0.494,0.494,1,1.3,0.75,2,3.6,5.6,2.3,0.8,0.5,1.4,2.1,4.3
396,Karl-Anthony Towns,5,21,MIN,26,26,35.4,8.4,17.8,0.474,1.3,4,0.34,7.1,13.8,0.513,0.512,3.9,5,0.779,3.3,7.6,11,2.3,0.7,1.4,2.5,3.1,22.1
24,Wade Baldwin,1,20,MEM,20,1,14.5,1.3,4.1,0.321,0.1,0.9,0.118,1.2,3.2,0.375,0.333,1.2,1.4,0.821,0.4,1.2,1.6,2.2,0.7,0.3,1.5,1.4,3.9
49,Andrew Bogut,5,32,DAL,16,16,25,1.8,3.8,0.475,0,0.1,0,1.8,3.8,0.483,0.475,0.2,0.7,0.273,2.6,7.8,10.4,2.2,0.6,0.9,1.8,3.6,3.8
56,Aaron Brooks,1,32,IND,25,0,15,2.1,5.4,0.393,0.7,2.2,0.321,1.4,3.2,0.443,0.459,0.6,0.7,0.882,0.3,0.8,1.1,2.2,0.6,0.2,1.2,1.7,5.6
80,Jordan Clarkson,2,24,LAL,30,3,28.6,5.7,13.2,0.435,1.2,3.7,0.315,4.6,9.5,0.482,0.48,1.9,2.2,0.836,0.8,2.1,2.9,2.2,1.3,0.1,2,1.8,14.5
94,Anthony Davis,4,23,NOP,26,26,37.7,10.7,21.5,0.495,0.6,2.2,0.276,10,19.3,0.52,0.509,8.3,10.2,0.818,1.8,9.4,11.2,2.2,1.6,2.8,2.5,2,30.2
105,Gorgui Dieng,4,27,MIN,26,26,31.6,4.3,8.2,0.521,0.2,0.5,0.308,4.1,7.7,0.535,0.531,1.6,2.2,0.724,2.5,5.4,7.9,2.2,0.9,1.2,1.8,3.4,10.3
383,Rodney Stuckey,1,30,IND,16,0,21.2,3.2,7.3,0.44,0.5,1.6,0.308,2.7,5.6,0.478,0.474,2.6,3.6,0.737,0.2,2.7,2.9,2.2,0.4,0,1.7,1.6,9.5
88,Jamal Crawford,2,36,LAC,27,0,25.2,4.4,10.6,0.414,1.3,4,0.333,3,6.6,0.463,0.477,2.1,2.4,0.879,0.1,1.4,1.5,2.1,0.6,0.1,1.2,1.2,12.2
132,Randy Foye,2,33,BRK,16,1,17.5,1.8,5.1,0.341,1.1,3.3,0.321,0.7,1.8,0.379,0.445,0.6,0.7,0.818,0.1,2.4,2.5,2.1,0.4,0.2,1.4,1.4,5.1
135,Danilo Gallinari,3,28,DEN,24,24,34.6,4.7,11.4,0.409,1.8,4.9,0.368,2.9,6.5,0.439,0.487,5.4,6.2,0.872,0.5,4,4.5,2.1,0.6,0.3,1.5,1.5,16.5
191,Rodney Hood,2,24,UTA,23,23,30.4,5.8,13.2,0.441,2.3,5.9,0.382,3.6,7.3,0.488,0.526,2.1,2.7,0.79,0.3,3.8,4,2.1,0.8,0.2,1.3,2.4,16
213,James Johnson,4,29,MIA,23,0,24.6,3.9,8,0.486,1,3,0.319,2.9,5,0.588,0.546,1.7,2.2,0.745,1,3.7,4.7,2.1,0.7,1,1.6,2.4,10.3
266,Wesley Matthews,2,30,DAL,25,25,35.8,5.2,13.4,0.389,3.2,8.2,0.392,2,5.2,0.385,0.509,2.3,2.8,0.826,0.2,3,3.2,2.1,1.4,0.2,1.6,2.2,15.9
322,Jabari Parker,4,21,MIL,25,25,32.5,7.6,15.7,0.481,1.2,3.2,0.367,6.4,12.6,0.51,0.518,3.2,4.3,0.738,1.6,4,5.6,2.1,1.2,0.2,1.4,1.8,19.4
344,Josh Richardson,2,23,MIA,17,9,28.2,4.1,10.3,0.4,1.7,5,0.341,2.4,5.3,0.456,0.483,0.8,1.1,0.722,0.6,2.5,3.1,2.1,0.8,0.5,1.3,2.5,10.7
392,Klay Thompson,2,26,GSW,28,28,33.6,8.2,17.3,0.473,2.9,7.8,0.372,5.3,9.5,0.556,0.557,2.3,2.6,0.889,0.6,2.8,3.5,2.1,0.6,0.4,1.8,2,21.5
115,Wayne Ellington,2,29,MIA,11,8,30.8,4.9,11.2,0.439,2.4,7.3,0.325,2.5,3.9,0.651,0.545,0.7,0.9,0.8,0.2,1.8,2,2,0.8,0.1,0.5,1.5,12.9
120,Tyreke Evans,2,27,NOP,1,0,11,2,3,0.667,1,2,0.5,1,1,1,0.833,2,2,1,0,3,3,2,0,0,2,2,7
154,Danny Green,2,29,SAS,18,18,24.7,2.4,5.3,0.458,1.7,3.9,0.423,0.8,1.4,0.56,0.615,0.5,0.7,0.75,0.2,2.4,2.6,2,0.7,0.6,0.8,1.8,7.1
185,Solomon Hill,3,25,NOP,27,19,27.7,1.9,5,0.37,0.8,2.5,0.328,1,2.5,0.412,0.452,1.3,1.6,0.818,0.4,3.3,3.8,2,0.9,0.4,1,2.5,5.9
202,Brandon Ingram,3,19,LAL,30,8,27.1,2.7,7.9,0.347,0.6,2.3,0.275,2.1,5.6,0.377,0.388,1.6,2.3,0.71,0.6,3.4,4,2,0.5,0.5,1.4,1.7,7.7
214,Joe Johnson,3,35,UTA,27,8,24.3,3.4,7.7,0.442,1.2,3.1,0.393,2.2,4.6,0.476,0.522,0.9,1.1,0.806,0.4,3,3.4,2,0.5,0.1,0.9,1.2,9
232,Kyle Korver,2,35,ATL,25,19,27.7,3.3,7.3,0.451,2,4.8,0.412,1.3,2.5,0.524,0.585,0.7,0.8,0.895,0,2.4,2.4,2,0.8,0.3,1.4,1.6,9.2
298,Jamal Murray,2,19,DEN,27,3,21.8,3.3,8.7,0.381,1.6,4.3,0.362,1.8,4.4,0.4,0.47,1.3,1.5,0.829,0.7,2.3,2.9,2,0.4,0.3,1.5,1.7,9.5
346,Austin Rivers,2,24,LAC,26,3,23.6,3.3,7.5,0.443,1.3,3,0.418,2,4.4,0.461,0.528,1.1,1.7,0.644,0.2,1.7,1.8,2,0.6,0.2,0.9,2.1,9
365,Mike Scott,4,28,ATL,3,0,9.3,0.3,3,0.111,0,1.7,0,0.3,1.3,0.25,0.111,0,0,,0.3,2.3,2.7,2,0,0,0.7,0.3,0.7
379,Nik Stauskas,2,23,PHI,26,3,26.1,3.2,7,0.454,1.6,4.2,0.389,1.6,2.9,0.547,0.568,1.6,2.1,0.759,0.2,2.2,2.5,2,0.4,0.4,1.6,1.7,9.6
18,Trevor Ariza,3,31,HOU,28,28,33.4,4.5,10.5,0.433,2.8,7.4,0.377,1.8,3.1,0.57,0.567,0.9,1.2,0.727,0.8,4.3,5,1.9,2.1,0.3,0.9,1.5,12.7
70,Vince Carter,2,40,MEM,21,0,25.3,3,7.7,0.383,1.3,4.6,0.278,1.7,3.1,0.538,0.466,1.3,1.8,0.73,0.6,3.4,4,1.9,0.8,0.3,0.8,2.4,8.5
117,Joel Embiid,5,22,PHI,17,17,24.1,5.9,13,0.452,1.2,2.9,0.429,4.6,10.1,0.459,0.5,4.5,6.1,0.738,2,5.3,7.3,1.9,0.6,2.5,3.6,3.4,17.5
125,Kay Felder,1,21,CLE,11,0,9.8,1.5,3.5,0.41,0.2,0.4,0.5,1.3,3.2,0.4,0.436,1.1,1.5,0.75,0.2,1.2,1.4,1.9,0.2,0.1,0.8,1,4.2
242,Courtney Lee,2,31,NYK,25,25,30.4,3.9,8.6,0.454,1.5,3.1,0.474,2.4,5.5,0.442,0.539,0.8,0.9,0.864,0.6,2.3,2.9,1.9,0.9,0.2,0.8,2.1,10.1
355,Terry Rozier,1,22,BOS,26,0,19.2,2.4,6.3,0.384,0.8,2.5,0.328,1.6,3.8,0.42,0.448,0.8,1.2,0.733,0.5,3,3.6,1.9,0.7,0.2,0.6,1.1,6.5
366,Thabo Sefolosha,3,32,ATL,24,9,25.6,3.1,6.5,0.478,0.5,1.8,0.286,2.6,4.8,0.548,0.516,0.8,1.2,0.714,1,3.8,4.7,1.9,2,0.5,1.1,1.3,7.6
387,Garrett Temple,2,30,SAC,26,2,23.1,2.5,5.5,0.455,1.3,2.9,0.434,1.2,2.6,0.478,0.57,0.8,0.9,0.875,0.5,2,2.5,1.9,1,0.5,0.9,1.6,7.1
10,Al-Farouq Aminu,3,26,POR,12,9,24.1,2.1,7.1,0.294,0.9,3.9,0.234,1.2,3.2,0.368,0.359,0.8,1.8,0.476,0.9,5.3,6.3,1.8,1.3,0.7,1.5,1.3,5.9
38,Marco Belinelli,2,30,CHO,28,0,25.6,4,8.8,0.461,1.8,4,0.45,2.3,4.8,0.47,0.563,1.5,1.7,0.875,0.2,2.5,2.7,1.8,0.6,0.1,0.8,1.5,11.4
75,Wilson Chandler,3,29,DEN,24,4,30.8,6.6,14.9,0.445,1.7,4.7,0.354,5,10.2,0.488,0.501,2.1,2.8,0.746,1.6,5.5,7.1,1.8,0.8,0.2,1.5,2.3,17
110,Jared Dudley,4,31,PHO,26,7,24.2,3,6.2,0.491,1.6,3.5,0.457,1.4,2.7,0.536,0.621,0.8,1.3,0.618,0.6,3.3,3.9,1.8,0.8,0.3,1.4,2.8,8.5
143,Jonathan Gibson,1,29,DAL,14,0,15.9,2.4,6.6,0.37,1,3.1,0.326,1.4,3.5,0.408,0.446,1.5,2.1,0.724,0.1,1.4,1.5,1.8,0.6,0,1.5,1.4,7.4
148,Aaron Gordon,3,21,ORL,28,20,26.3,4.2,9.8,0.427,1,3.1,0.314,3.2,6.7,0.479,0.476,1.2,2,0.579,1.2,3.3,4.4,1.8,0.8,0.5,1,2,10.5
162,Tim Hardaway,2,24,ATL,27,5,22.9,4.4,10.1,0.438,1.5,4.9,0.308,2.9,5.1,0.561,0.513,1.5,2.3,0.651,0.3,1.6,1.9,1.8,0.5,0.2,0.9,1.1,11.9
201,Joe Ingles,3,29,UTA,27,2,18.3,2.2,4.2,0.526,1.3,2.5,0.507,1,1.7,0.553,0.675,0.6,0.9,0.739,0.1,2.2,2.3,1.8,0.7,0.1,0.8,1.8,6.3
256,Kevin Love,4,28,CLE,24,24,32.2,7.1,15.2,0.468,2.6,6.4,0.412,4.5,8.8,0.509,0.555,5.4,6.3,0.86,2.5,8.2,10.7,1.8,1.1,0.5,2,1.9,22.3
291,Marcus Morris,3,27,DET,29,29,32.2,5.5,12.4,0.443,1.6,4.4,0.364,3.9,8,0.487,0.508,1.2,1.4,0.829,0.7,3.4,4.1,1.8,0.8,0.3,1.1,1.9,13.8
292,Markieff Morris,4,27,WAS,24,24,31.5,4.6,11.2,0.413,0.7,2.1,0.32,4,9.1,0.434,0.442,2.9,3.6,0.805,1.3,4.3,5.6,1.8,1.2,0.6,2,3,12.8
317,Kelly Olynyk,5,25,BOS,20,5,21.2,3,6.6,0.45,1.1,3.1,0.355,1.9,3.5,0.536,0.534,1.2,1.5,0.793,0.7,3.7,4.4,1.8,0.8,0.3,1.2,2.6,8.2
325,Patrick Patterson,4,27,TOR,26,0,29,2.6,7,0.376,1.7,4.5,0.364,1,2.4,0.397,0.494,0.8,1.2,0.71,1.2,4.6,5.8,1.8,0.9,0.3,0.7,2.5,7.7
369,Iman Shumpert,2,26,CLE,24,1,22.5,2.4,5.1,0.475,1.3,2.9,0.429,1.2,2.2,0.538,0.598,1,1.2,0.857,0.5,2.3,2.8,1.8,0.9,0.3,1.5,2.2,7.1
371,Jonathon Simmons,2,27,SAS,26,1,18.5,2,4.7,0.431,0.3,1,0.259,1.8,3.7,0.479,0.459,1.3,1.8,0.739,0.3,1.7,2,1.8,0.8,0.4,1,1.7,5.7
418,David West,4,36,GSW,28,0,10.9,1.6,3.1,0.523,0.1,0.1,0.667,1.6,3,0.518,0.534,0.6,0.9,0.667,0.7,2,2.7,1.8,0.6,0.6,1.1,1.5,3.9
7,LaMarcus Aldridge,4,31,SAS,23,23,32.2,6.4,13.6,0.473,0.4,0.9,0.476,6,12.7,0.473,0.489,3,3.7,0.814,2,4.7,6.7,1.7,0.7,1.1,1.7,2.3,16.3
121,Dante Exum,1,21,UTA,26,14,20.8,2.5,6.1,0.409,0.7,2.5,0.288,1.8,3.6,0.495,0.469,1,1.2,0.833,0.6,1.6,2.2,1.7,0.2,0.3,1,2.5,6.7
128,Yogi Ferrell,1,23,BRK,10,0,15.1,1.8,4.9,0.367,0.8,2.7,0.296,1,2.2,0.455,0.449,1,1.6,0.625,0.4,0.8,1.2,1.7,0.2,0.2,1.4,1.1,5.4
150,Marcin Gortat,5,32,WAS,25,25,35.4,4.8,8.5,0.568,0,0,0,4.8,8.5,0.571,0.568,1.4,2.3,0.603,3.4,8.5,12,1.7,0.6,1.1,1.5,3.4,11.1
169,Tobias Harris,4,24,DET,29,29,33,6.3,13.2,0.477,1.2,3.6,0.33,5.1,9.7,0.53,0.521,2.3,2.6,0.892,0.6,4.3,4.9,1.7,0.7,0.6,1.4,1.8,16.1
200,Ersan Ilyasova,4,29,PHI,23,14,27.3,5.2,11.4,0.452,1.9,5.3,0.355,3.3,6.2,0.535,0.534,1.8,2.3,0.792,1.1,5.5,6.6,1.7,0.5,0.2,1.3,2.3,14
212,Amir Johnson,4,29,BOS,26,25,19.4,2.5,4.6,0.538,0.3,0.7,0.368,2.2,3.8,0.57,0.567,0.9,1.2,0.742,1.5,2.5,4,1.7,0.6,0.6,0.8,2.4,6.1
237,Nicolas Laprovittola,1,27,SAS,16,3,10.4,1.3,2.8,0.444,0.6,1.6,0.385,0.6,1.2,0.526,0.556,0.6,0.6,1,0.1,0.5,0.6,1.7,0.2,0.1,1.1,1.2,3.7
247,Jon Leuer,4,27,DET,28,0,26.8,4.3,8.5,0.504,0.8,2.6,0.301,3.5,5.9,0.594,0.55,1.5,1.7,0.872,1.4,5,6.4,1.7,0.5,0.4,0.9,1.9,10.8
252,Shaun Livingston,1,31,GSW,27,0,17.4,2.3,3.9,0.587,0,0,0,2.3,3.8,0.592,0.587,0.5,0.9,0.542,0.4,1.6,2.1,1.7,0.4,0.1,0.7,1.4,5
299,Mike Muscala,5,25,ATL,27,3,21.6,3.3,6.1,0.536,0.7,1.7,0.435,2.6,4.4,0.575,0.596,1,1.3,0.75,1.3,2.7,4,1.7,0.5,0.7,1.1,1.7,8.3
401,Tyler Ulis,1,21,PHO,16,0,9.6,1.3,3.1,0.42,0.1,0.4,0.167,1.3,2.8,0.455,0.43,0.7,0.9,0.786,0.1,0.5,0.6,1.7,1,0.1,0.8,0.8,3.4
406,Greivis Vasquez,1,30,BRK,3,0,13,0.7,2.7,0.25,0.3,1,0.333,0.3,1.7,0.2,0.313,0.7,1,0.667,0,0.7,0.7,1.7,0.3,0.3,0.3,2,2.3
166,Devin Harris,1,33,DAL,10,0,14.3,0.9,2.9,0.31,0.5,1.9,0.263,0.4,1,0.4,0.397,0.5,0.6,0.833,0.3,1.1,1.4,1.6,0.7,0,0.7,1.4,2.8
173,Spencer Hawes,4,28,CHO,22,0,16.6,2.8,6,0.466,0.4,1.5,0.25,2.4,4.5,0.535,0.496,0.6,0.8,0.778,1,3,4,1.6,0.4,0.7,1.2,1.4,6.5
175,Gerald Henderson,2,29,PHI,25,25,24.3,3.6,7.9,0.457,0.8,2.2,0.37,2.8,5.7,0.49,0.508,1.3,1.6,0.8,0.5,2.2,2.7,1.6,0.8,0.2,1,2,9.3
361,Dario Saric,4,22,PHI,26,10,24,3.5,8.9,0.388,1.3,3.5,0.378,2.2,5.5,0.394,0.461,1.3,1.7,0.767,1,4.7,5.7,1.6,0.4,0.2,2,2,9.5
101,Luol Deng,3,31,LAL,30,30,26,3.1,8,0.385,1,2.9,0.33,2.1,5,0.417,0.446,0.8,1.2,0.657,1.2,4.2,5.4,1.5,1.1,0.2,0.8,1.1,7.9
136,Langston Galloway,1,25,NOP,28,0,21.7,3.6,9.4,0.385,1.9,5.1,0.368,1.7,4.2,0.407,0.487,0.6,0.9,0.72,0.4,1.9,2.4,1.5,1,0,0.8,1.4,9.8
200,Ersan Ilyasova,4,29,TOT,26,14,26.5,4.8,10.7,0.448,1.8,5.1,0.346,3,5.6,0.541,0.53,1.6,2,0.792,1,5.4,6.4,1.5,0.5,0.2,1.3,2.2,13
243,David Lee,4,33,SAS,26,2,17.4,2.7,4.7,0.561,0,0,,2.7,4.7,0.561,0.561,1.3,1.7,0.75,1.5,3.6,5.2,1.5,0.4,0.4,0.9,1.6,6.6
334,Otto Porter,3,23,WAS,25,25,34.5,5.6,10.4,0.538,1.5,3.6,0.416,4.1,6.8,0.602,0.61,0.9,1.2,0.767,1.8,5.4,7.2,1.5,1.8,0.5,0.9,2.9,13.6
48,Bojan Bogdanovic,3,27,BRK,25,25,27.9,5.2,11.4,0.453,1.7,4.9,0.35,3.4,6.5,0.531,0.528,3.2,3.8,0.84,0.5,2.8,3.3,1.4,0.4,0,1.4,1.9,15.2
62,Trey Burke,1,24,WAS,21,0,12,2,4.6,0.443,0.3,0.9,0.389,1.7,3.8,0.456,0.479,0.4,0.6,0.667,0.1,0.3,0.5,1.4,0.2,0.1,0.6,0.9,4.8
72,Omri Casspi,3,28,SAC,16,2,20.2,2.9,6.2,0.475,0.6,1.6,0.385,2.3,4.6,0.507,0.525,0.6,0.9,0.6,0.9,3.1,3.9,1.4,0.4,0.1,1,1.2,7.1
118,James Ennis,3,26,MEM,14,13,29.2,3,6.8,0.442,1,2.9,0.341,2,3.9,0.519,0.516,2.1,2.6,0.806,1.6,3.6,5.3,1.4,0.9,0.1,1.1,3.1,9.1
119,Tyler Ennis,1,22,HOU,17,0,7.6,1,2.5,0.395,0.2,0.6,0.364,0.8,1.9,0.406,0.442,0.1,0.1,0.5,0.2,0.5,0.7,1.4,0.3,0,0.9,1.2,2.3
127,Raymond Felton,1,32,LAC,25,1,17.3,2.1,4.8,0.442,0.7,1.6,0.439,1.4,3.2,0.443,0.517,0.4,0.5,0.833,0.3,1.4,1.7,1.4,0.7,0.3,0.7,1.6,5.4
144,Taj Gibson,4,31,CHI,26,26,28.2,5.3,9.9,0.541,0,0,0,5.3,9.8,0.543,0.541,1.4,2.1,0.673,2.2,5.2,7.4,1.4,0.5,1.1,1.6,2.5,12.1
158,Jeff Green,3,30,ORL,27,8,24,3.3,8.4,0.394,1,3.2,0.31,2.3,5.1,0.446,0.454,1.9,2.2,0.85,0.6,2.7,3.3,1.4,0.4,0.3,1.2,1.4,9.5
260,Trey Lyles,4,21,UTA,27,3,22.1,3.6,8.6,0.412,1.1,3.8,0.304,2.4,4.9,0.496,0.479,0.9,1.1,0.862,1,3.4,4.3,1.4,0.4,0.4,1.2,1.5,9.2
311,Dirk Nowitzki,4,38,DAL,5,5,26.2,4.8,13.4,0.358,1.2,4.4,0.273,3.6,9,0.4,0.403,1.4,1.4,1,0.4,6,6.4,1.4,0.6,0.6,1,1.8,12.2
312,Jusuf Nurkic,5,22,DEN,27,25,20.1,4,7.7,0.524,0,0,,4,7.7,0.524,0.524,1.3,2.5,0.5,2.5,4.4,6.9,1.4,0.6,1,2.3,2.1,9.3
341,Zach Randolph,4,35,MEM,21,1,22.5,5.7,12.5,0.452,0.2,1,0.25,5.4,11.6,0.469,0.462,1.8,2.4,0.725,2.2,5.9,8,1.4,0.4,0.1,1.1,2,13.3
439,Thaddeus Young,4,28,IND,28,28,30.5,4.9,9.2,0.535,0.9,2.1,0.448,4,7.1,0.56,0.585,0.6,1.2,0.545,1.5,4.6,6,1.4,1.1,0.5,1.5,1.6,11.4
27,Harrison Barnes,3,24,DAL,26,26,36.8,8.2,17.7,0.464,1,3,0.333,7.2,14.7,0.491,0.492,3,3.4,0.865,1.5,3.9,5.5,1.3,0.8,0.2,1.5,1.7,20.4
44,Bismack Biyombo,5,24,ORL,27,12,26.3,2.1,4.4,0.483,0,0,,2.1,4.4,0.483,0.483,1.8,3.8,0.48,2.4,5.7,8.1,1.3,0.3,1.4,1.3,2.6,6
106,Spencer Dinwiddie,1,23,BRK,4,0,8,0.8,2,0.375,0,0.3,0,0.8,1.8,0.429,0.375,0,0,,0.3,0.3,0.5,1.3,0.8,0.3,1.3,1,1.5
156,Gerald Green,2,31,BOS,12,0,10,1.3,4.3,0.294,0.6,2.2,0.269,0.7,2.1,0.32,0.363,0.5,0.7,0.75,0.3,1.4,1.8,1.3,0.3,0.1,0.6,1,3.6
157,JaMychal Green,4,26,MEM,28,28,29.8,3.2,7.3,0.443,0.5,1.8,0.306,2.7,5.5,0.487,0.48,2,2.5,0.797,2.2,5.6,7.9,1.3,0.8,0.6,1.4,3.7,8.9
277,Rodney McGruder,2,25,MIA,26,14,25.4,2.2,5.7,0.383,0.8,2.8,0.306,1.3,3,0.455,0.456,0.7,1,0.704,1.6,2,3.7,1.3,0.7,0.3,0.8,2,6
281,Jodie Meeks,2,29,ORL,9,0,17.2,2.4,6.2,0.393,1.3,3.2,0.414,1.1,3,0.37,0.5,2.3,2.7,0.875,0.2,1.8,2,1.3,1.2,0,0.4,1,8.6
300,Larry Nance Jr.,4,24,LAL,27,0,22.5,3.1,5.3,0.576,0,0.4,0.091,3,4.9,0.617,0.58,0.7,0.9,0.72,1.5,4,5.6,1.3,1.1,0.6,0.7,2.3,6.9
336,Kristaps Porzingis,4,21,NYK,27,27,34.6,7.3,16.3,0.451,2.1,5.4,0.384,5.3,10.9,0.485,0.515,3.4,4.3,0.786,1.9,5.7,7.6,1.3,0.7,1.8,1.4,3.8,20.1
360,Domantas Sabonis,4,20,OKC,27,27,21.4,2.7,6,0.444,1,2.3,0.435,1.7,3.7,0.45,0.528,0.1,0.2,0.5,0.4,3,3.4,1.3,0.6,0.4,1.1,2.7,6.4
375,J.R. Smith,2,31,CLE,20,20,29.5,3,8.9,0.337,2.4,6.7,0.358,0.6,2.2,0.273,0.472,0.4,0.5,0.778,0.4,1.8,2.2,1.3,1.3,0.5,0.8,2.3,8.8
388,Jason Terry,2,39,MIL,20,0,16.8,1.1,3.3,0.338,0.8,2.3,0.348,0.3,1,0.316,0.462,0.2,0.3,0.8,0.1,1.1,1.2,1.3,0.3,0.3,0.4,1.2,3.2
428,Marvin Williams,4,30,CHO,22,22,27.5,3.6,9.7,0.374,1.9,5.3,0.353,1.8,4.5,0.398,0.47,1,1.4,0.767,1,4.6,5.7,1.3,0.5,0.3,0.7,1.5,10.2
19,Darrell Arthur,4,28,DEN,13,3,13.8,1.8,4,0.442,0.9,2,0.462,0.8,2,0.423,0.558,0.2,0.2,1,0.4,1.5,1.8,1.2,0.2,0.3,1.1,1.8,4.6
67,Isaiah Canaan,2,25,CHI,24,0,20.5,2.3,6.2,0.378,0.9,3.4,0.259,1.5,2.8,0.522,0.449,0.9,1,0.88,0.2,1.5,1.7,1.2,0.8,0,0.7,1.4,6.5
79,Ian Clark,2,25,GSW,25,0,14.1,2.9,5.5,0.522,1,2.4,0.433,1.8,3.1,0.59,0.616,0.5,0.7,0.722,0.2,1.3,1.4,1.2,0.4,0.2,0.4,0.9,7.3
86,Robert Covington,3,26,PHI,23,23,28.5,3.3,9.5,0.347,1.8,6.1,0.3,1.5,3.4,0.43,0.443,1.3,1.7,0.769,1.4,4.2,5.6,1.2,1.7,0.7,1.8,2.7,9.7
87,Allen Crabbe,2,24,POR,29,1,27.5,3.3,7.6,0.436,1.5,3.6,0.41,1.8,4,0.461,0.534,1.6,1.8,0.868,0.4,2.7,3.1,1.2,0.5,0.2,0.8,2.2,9.7
98,Sam Dekker,3,22,HOU,28,0,18.8,2.8,5.6,0.503,0.9,2.3,0.369,2,3.3,0.598,0.58,0.5,0.8,0.619,1.1,2.7,3.9,1.2,0.6,0.3,0.7,1.2,7
168,Joe Harris,2,25,BRK,25,0,24.3,3.4,7.8,0.439,1.7,4.6,0.365,1.8,3.2,0.543,0.546,1.1,1.5,0.757,0.2,2.9,3.2,1.2,0.8,0.1,1.2,2.7,9.7
181,Buddy Hield,2,23,NOP,28,8,18.6,3.2,8.4,0.379,1.4,4.2,0.331,1.8,4.2,0.427,0.462,0.5,0.5,0.867,0.3,2.2,2.5,1.2,0.3,0.1,0.8,1.3,8.2
194,Dwight Howard,5,31,ATL,26,26,29.2,5.6,8.9,0.632,0,0,,5.6,8.9,0.632,0.632,3,5.7,0.524,4.7,8.4,13,1.2,1,1.5,2.5,3.2,14.2
248,Caris LeVert,2,22,BRK,5,0,12,1.2,3.8,0.316,0.6,2.4,0.25,0.6,1.4,0.429,0.395,0.4,0.8,0.5,0.4,2.6,3,1.2,1.2,0,0.4,0.6,3.4
313,Kyle O'Quinn,4,26,NYK,26,4,15.1,2.7,4.8,0.568,0,0.2,0,2.7,4.6,0.592,0.568,0.7,1.1,0.655,2.1,3.2,5.3,1.2,0.3,1.2,0.9,2.2,6.2
377,Tony Snell,3,25,MIL,24,24,29.4,3.1,7.8,0.401,1.5,5.2,0.296,1.6,2.6,0.613,0.5,0.6,0.8,0.778,0.5,3.7,4.2,1.2,0.4,0.1,0.7,1.7,8.4
394,Marcus Thornton,2,29,WAS,24,1,18.1,2.6,6.9,0.382,0.9,2.6,0.339,1.8,4.3,0.408,0.445,1,1,0.92,0.8,1.6,2.4,1.2,0.7,0.1,0.7,1.4,7.1
440,Cody Zeller,4,24,CHO,25,23,25.9,4.2,7.2,0.587,0,0,,4.2,7.2,0.587,0.587,2.4,3.6,0.648,2,4.3,6.3,1.2,0.6,1.2,1.1,3.4,10.8
8,Lavoy Allen,4,27,IND,24,0,13.8,0.8,2.4,0.333,0,0,0,0.8,2.3,0.339,0.333,0.2,0.3,0.667,1.3,1.5,2.7,1.1,0.3,0.3,0.3,1.3,1.8
25,Leandro Barbosa,2,34,PHO,26,0,14.3,2.8,6,0.477,0.6,1.5,0.421,2.2,4.5,0.496,0.529,0.2,0.3,0.75,0.2,1.3,1.5,1.1,0.4,0.1,0.3,1,6.5
69,DeMarre Carroll,3,30,TOR,21,21,26.2,3.5,8.2,0.424,1.8,4.9,0.359,1.7,3.3,0.522,0.532,1.2,1.7,0.743,0.7,2.7,3.4,1.1,1.1,0.4,0.4,2.1,10
109,Andre Drummond,5,23,DET,28,28,29.9,6.2,11.6,0.534,0,0,1,6.1,11.5,0.533,0.535,1.8,4,0.451,3.9,9.9,13.7,1.1,1.6,1.1,2,2.7,14.2
153,Jerian Grant,1,24,CHI,18,4,12.7,1.4,4.3,0.325,0.4,1.3,0.304,1,3,0.333,0.37,0.7,0.7,1,0.1,1.4,1.5,1.1,0.8,0.1,0.3,1.3,3.8
176,John Henson,5,26,MIL,23,16,20.3,2.9,5.8,0.5,0,0,0,2.9,5.8,0.504,0.5,1.6,2.2,0.706,1.7,4,5.7,1.1,0.5,1.7,1,2.5,7.4
188,Justin Holiday,2,27,NYK,27,2,19,2.4,5.8,0.42,1,2.6,0.371,1.5,3.2,0.46,0.503,0.9,1.1,0.833,0.4,2.6,3,1.1,0.9,0.4,0.7,1.7,6.8
222,Terrence Jones,4,25,NOP,27,4,24.7,4.1,8.8,0.468,0.4,1.8,0.224,3.7,7,0.532,0.492,1.8,2.9,0.615,1.1,5,6.1,1.1,0.8,1,1.1,1.3,10.4
229,Michael Kidd-Gilchrist,3,23,CHO,27,27,28.5,3.3,7.3,0.444,0,0.2,0.167,3.2,7.1,0.453,0.447,2.4,3.2,0.744,1.7,4.9,6.6,1.1,0.8,0.9,0.9,2,8.9
249,DeAndre Liggins,2,28,CLE,17,4,13.6,0.9,2.3,0.41,0.3,0.5,0.625,0.6,1.8,0.355,0.474,0.7,1.1,0.667,0.5,1.4,1.8,1.1,0.6,0.4,0.8,1.5,2.9
269,Patrick McCaw,2,21,GSW,23,0,13,1.2,3,0.391,0.6,1.7,0.359,0.6,1.3,0.433,0.493,0.1,0.3,0.5,0.3,0.9,1.2,1.1,0.4,0.3,0.6,1,3.1
275,Doug McDermott,3,25,CHI,14,0,24.6,3.6,7.8,0.468,0.8,2.4,0.324,2.9,5.4,0.533,0.518,1.4,1.5,0.905,0.4,2.5,2.9,1.1,0.3,0.1,0.9,1.4,9.4
347,Andre Roberson,3,25,OKC,27,27,31.4,2.9,6.3,0.456,0.8,2.7,0.297,2,3.5,0.579,0.521,0.4,1.3,0.306,0.9,3.6,4.5,1.1,1.3,1,0.6,2.6,6.9
397,P.J. Tucker,3,31,PHO,27,11,26.1,2.1,5.7,0.373,0.7,2.3,0.286,1.4,3.3,0.433,0.431,1.1,1.6,0.721,1.5,3.9,5.4,1.1,1.1,0.3,0.9,2.3,6
438,Nick Young,2,31,LAL,23,23,25.4,4.9,10.5,0.463,2.7,6.7,0.405,2.2,3.9,0.562,0.591,1.7,1.8,0.905,0.5,1.9,2.4,1.1,0.4,0.4,0.7,2.7,14.1
4,Arron Afflalo,2,31,SAC,23,18,23.4,2.6,6.4,0.405,0.6,2,0.311,2,4.5,0.447,0.453,1.4,1.6,0.917,0.2,2,2.2,1,0.3,0,0.2,1.5,7.3
9,Tony Allen,2,35,MEM,21,19,26.9,4.2,9.1,0.464,0.1,0.7,0.214,4.1,8.5,0.483,0.471,1.6,2.4,0.66,2.3,3,5.3,1,1.8,0.6,1.5,2.7,10.2
15,Ryan Anderson,4,28,HOU,28,28,30.6,4.6,11.1,0.412,2.6,6.6,0.4,1.9,4.5,0.429,0.531,1.7,2,0.873,1.8,3.8,5.5,1,0.5,0.1,1,1.8,13.5
23,Ron Baker,2,23,NYK,9,0,10.4,1.6,4.1,0.378,0.4,1.9,0.235,1.1,2.2,0.5,0.432,0.2,0.4,0.5,0.3,0.9,1.2,1,0.4,0.1,0.8,0.4,3.8
45,Nemanja Bjelica,4,28,MIN,24,1,16.4,2.4,5.7,0.426,1.2,3.3,0.367,1.2,2.4,0.509,0.533,0.8,1,0.75,0.5,2.8,3.3,1,0.6,0.3,1,2,6.8
54,Corey Brewer,3,30,HOU,28,3,14.4,1.5,3.5,0.414,0.3,1.5,0.209,1.1,2,0.571,0.46,0.5,0.8,0.636,0.4,1.5,1.9,1,0.5,0.2,0.6,1.8,3.8
64,Bruno Caboclo,3,21,TOR,3,0,3.7,0.3,1,0.333,0.3,0.7,0.5,0,0.3,0,0.5,0,0,,0.3,1,1.3,1,0.7,0,0.7,0.7,1
93,Troy Daniels,2,25,MEM,17,2,21.4,3.4,9.2,0.369,2.1,5.7,0.361,1.4,3.5,0.383,0.481,1.1,1.3,0.818,0.4,1.1,1.5,1,0.3,0.1,0.6,1.5,9.9
129,Dorian Finney-Smith,4,23,DAL,25,18,21.6,1.9,4.6,0.412,0.9,2.7,0.343,1,1.9,0.511,0.513,0.6,0.8,0.737,0.7,2,2.7,1,0.5,0.4,0.6,1.8,5.2
198,Serge Ibaka,4,27,ORL,28,28,30.5,5.9,12.2,0.482,1.4,3.4,0.406,4.5,8.8,0.512,0.539,1.7,2.1,0.828,1.6,5,6.6,1,0.5,1.9,1.1,2.5,14.9
285,Mike Miller,3,36,DEN,4,0,4.3,0.8,1,0.75,0.8,1,0.75,0,0,,1.125,0,0,,0,1,1,1,0,0,0.3,0.3,2.3
288,Nikola Mirotic,4,25,CHI,24,2,22.4,2.9,7.5,0.381,1.3,4.5,0.284,1.6,3,0.528,0.467,1.6,2.2,0.736,0.6,5.1,5.7,1,0.8,0.7,1.2,1.4,8.7
301,Shabazz Napier,1,25,POR,17,0,5.8,0.8,2.2,0.368,0.5,1.6,0.296,0.4,0.6,0.545,0.474,0.6,0.9,0.667,0,0.6,0.6,1,0.5,0,0.4,0.5,2.7
315,Jahlil Okafor,5,21,PHI,22,9,22.7,5,9.4,0.534,0,0,,5,9.4,0.534,0.534,1.7,2.9,0.603,1.5,3.3,4.7,1,0.4,1.2,1.4,2.4,11.7
338,Norman Powell,2,23,TOR,22,5,14.8,2.1,4.2,0.505,0.8,1.8,0.45,1.3,2.4,0.547,0.602,1.2,1.6,0.75,0.1,1.5,1.7,1,0.7,0.2,0.4,1.7,6.3
364,Luis Scola,4,36,BRK,22,0,13,2.1,4.3,0.484,0.4,1.3,0.321,1.7,3,0.552,0.532,0.8,1.2,0.63,1.5,2.5,4,1,0.4,0.2,1.1,1.8,5.4
381,Jarnell Stokes,4,23,DEN,2,0,3.5,0.5,0.5,1,0,0,,0.5,0.5,1,1,0.5,1,0.5,0.5,0.5,1,1,0.5,0,0,1.5,1.5
399,Myles Turner,5,20,IND,27,27,29.2,5.6,10.5,0.537,0.6,1.5,0.366,5.1,9,0.566,0.564,3.3,4.1,0.802,1.6,5.6,7.2,1,0.8,2.3,1.4,3.1,15.1
405,Anderson Varejao,5,34,GSW,7,1,7,0.3,1,0.286,0,0,,0.3,1,0.286,0.286,1,1.1,0.875,1.1,1.1,2.3,1,0.3,0.1,0.7,1.1,1.6
417,C.J. Watson,1,32,ORL,19,0,11.5,0.6,2.1,0.275,0.4,0.8,0.438,0.2,1.3,0.167,0.363,0.7,0.8,0.813,0.1,1,1.1,1,0.5,0,0.2,0.7,2.2
441,Tyler Zeller,5,27,BOS,23,5,13,1.9,4.1,0.468,0,0,,1.9,4.1,0.468,0.468,0.6,1,0.591,1.2,2.1,3.3,1,0.2,0.7,0.4,1.4,4.4
60,Nicolas Brussino,3,23,DAL,20,0,7.4,0.6,1.5,0.367,0.3,1,0.316,0.3,0.6,0.455,0.467,0.3,0.4,0.857,0.2,1,1.2,0.9,0.3,0.2,0.4,0.7,1.7
68,Clint Capela,5,22,HOU,28,28,24.5,5.4,8.4,0.64,0,0,,5.4,8.4,0.64,0.64,1,2.3,0.446,2.4,5.6,8,0.9,0.4,1.6,1.3,2.7,11.8
82,Nick Collison,4,36,OKC,8,0,6.5,0.5,0.9,0.571,0,0,,0.5,0.9,0.571,0.571,0.1,0.3,0.5,0.4,1,1.4,0.9,0.1,0,0.1,0.6,1.1
111,Mike Dunleavy,3,36,CLE,18,2,15.8,1.4,3.9,0.352,0.8,2.7,0.313,0.6,1.3,0.435,0.458,0.7,0.9,0.765,0.1,1.8,1.9,0.9,0.3,0.1,0.4,1.1,4.3
146,Rudy Gobert,5,24,UTA,27,27,32.3,4,6,0.677,0,0,,4,6,0.677,0.677,3.9,5.7,0.688,3.2,8.4,11.6,0.9,0.6,2.7,1.6,3.2,12
160,Justin Hamilton,5,26,BRK,21,2,21.4,2.5,5.9,0.427,1.2,3.5,0.342,1.3,2.4,0.549,0.528,0.5,0.8,0.688,1,3,4.1,0.9,0.7,0.5,0.8,1.6,6.8
164,Maurice Harkless,3,23,POR,28,28,31.1,5,10.3,0.49,1.4,3.8,0.364,3.6,6.5,0.564,0.557,1.1,1.4,0.816,1.8,3.2,5,0.9,1.2,0.7,1.3,2.8,12.6
178,Willy Hernangomez,5,22,NYK,22,0,14.5,2.5,4.5,0.571,0,0.1,0.5,2.5,4.4,0.573,0.577,1,1.4,0.733,1.5,3.6,5.2,0.9,0.4,0.6,1.4,1.7,6.1
186,Darrun Hilliard,2,23,DET,18,1,11.5,1.4,3.7,0.394,0.4,1.3,0.348,1,2.4,0.419,0.455,0.7,0.9,0.75,0.1,0.8,0.9,0.9,0.3,0.1,0.8,1.4,4
190,Richaun Holmes,4,23,PHI,21,2,16,2.9,5.6,0.513,0.3,1,0.35,2.5,4.6,0.546,0.543,0.9,1.4,0.621,1.5,2.9,4.3,0.9,0.6,0.9,0.9,2.1,6.9
207,Al Jefferson,5,32,IND,28,1,15.3,3.4,7.4,0.462,0,0,0,3.4,7.4,0.464,0.462,0.9,1.3,0.676,1.3,3.2,4.5,0.9,0.3,0.3,0.5,1.9,7.8
208,Richard Jefferson,3,36,CLE,25,2,17.9,1.7,3.9,0.443,0.7,2,0.353,1,1.8,0.543,0.536,0.4,0.6,0.688,0.3,2,2.3,0.9,0.3,0.1,0.5,1.4,4.6
215,Stanley Johnson,3,20,DET,25,0,13.8,1.4,3.5,0.391,0.4,1.3,0.281,1,2.2,0.455,0.443,0.7,1,0.654,0.4,1.7,2.1,0.9,0.5,0.3,0.5,1.4,3.8
236,Jeremy Lamb,2,24,CHO,17,1,16,3.4,7.2,0.472,0.5,2.1,0.222,2.9,5.1,0.575,0.504,1.6,1.9,0.818,0.8,4.4,5.2,0.9,0.3,0.4,0.8,1.2,8.9
238,Joffrey Lauvergne,5,25,OKC,23,0,14.5,2.3,5.1,0.444,0.7,1.9,0.372,1.6,3.2,0.486,0.513,0.4,0.9,0.476,1.2,2.7,4,0.9,0.5,0.2,0.6,1.6,5.7
294,Timofey Mozgov,5,30,LAL,29,29,21.2,3.4,6.4,0.532,0,0,0,3.4,6.4,0.535,0.532,1.3,1.6,0.787,2.2,2.7,5,0.9,0.3,0.5,1.4,2.5,8.1
337,Dwight Powell,5,25,DAL,26,1,21,2.9,5.9,0.497,0,0.3,0.111,2.9,5.5,0.521,0.5,1.5,1.9,0.776,1.4,3.2,4.6,0.9,1.2,0.5,0.5,2,7.3
342,J.J. Redick,2,32,LAC,26,26,27.2,5.1,11.1,0.457,2.4,5.6,0.428,2.7,5.5,0.486,0.564,2.5,2.7,0.914,0.1,1.8,1.8,0.9,0.7,0.2,1.5,1.4,15
395,Anthony Tolliver,4,31,SAC,14,1,14.8,1.3,3.4,0.375,0.5,2.4,0.212,0.8,1.1,0.733,0.448,0.7,0.8,0.909,0.9,1.7,2.6,0.9,0.3,0.2,0.5,1.6,3.8
402,Jonas Valanciunas,5,24,TOR,24,24,27.9,4.9,9.1,0.541,0,0,,4.9,9.1,0.541,0.541,2.5,3,0.831,3.1,6.3,9.5,0.9,0.5,0.7,1.7,2.8,12.3
416,T.J. Warren,3,23,PHO,14,13,31.1,6.7,14.6,0.461,0.6,1.9,0.308,6.1,12.7,0.483,0.48,2.6,3.1,0.818,1.9,2.2,4.1,0.9,1.8,0.4,0.9,2.7,16.6
430,Troy Williams,3,22,MEM,22,13,18.7,2.3,5.5,0.418,0.5,1.9,0.244,1.9,3.7,0.506,0.459,0.7,1.1,0.6,0.3,1.7,2,0.9,1,0.4,1.2,1.9,5.8
13,Justin Anderson,3,23,DAL,25,2,19.3,2.8,7.2,0.381,0.8,2.9,0.288,1.9,4.3,0.444,0.439,1.8,2.4,0.763,1.1,2.8,3.9,0.8,0.6,0.4,1.2,1.8,8.2
14,Kyle Anderson,2,23,SAS,23,7,13.3,0.9,2,0.426,0.2,0.5,0.455,0.7,1.6,0.417,0.479,0.7,0.8,0.833,0.4,2.3,2.7,0.8,0.6,0.3,0.4,0.7,2.6
37,Michael Beasley,3,28,MIL,23,0,15.7,3.4,6.6,0.523,0.3,0.7,0.467,3.1,5.9,0.529,0.546,1.1,1.6,0.694,0.8,2.8,3.6,0.8,0.4,0.3,1.2,1.7,8.3
122,Kenneth Faried,4,27,DEN,26,14,22.8,3.6,6.7,0.537,0,0.1,0,3.6,6.6,0.547,0.537,2.5,3.6,0.699,3.4,4.8,8.3,0.8,0.9,1,1.2,2.2,9.7
182,Nene Hilario,5,34,HOU,23,0,16.8,2.8,5,0.552,0.1,0.2,0.5,2.7,4.9,0.554,0.56,1.4,2.5,0.579,1.2,2.4,3.6,0.8,0.7,0.5,1.3,2.4,7.1
204,Demetrius Jackson,1,22,BOS,4,0,4.3,0.8,1,0.75,0.3,0.3,1,0.5,0.8,0.667,0.875,0.8,1.5,0.5,0.5,0.5,1,0.8,0,0,0,0,2.5
211,Jonas Jerebko,4,29,BOS,26,1,17.2,1.9,4,0.476,0.7,1.8,0.396,1.2,2.2,0.544,0.567,0.3,0.4,0.818,0.8,2.6,3.4,0.8,0.6,0.2,0.5,1.6,4.9
234,Mindaugas Kuzminskas,3,27,NYK,23,0,10.7,1.5,3.8,0.386,0.7,2,0.356,0.8,1.9,0.419,0.477,0.5,0.6,0.786,0.6,0.8,1.3,0.8,0.4,0.1,0.5,0.9,4.1
244,Alex Len,5,23,PHO,25,9,22.8,3.2,6.6,0.482,0,0.1,0,3.2,6.5,0.488,0.482,2.6,3.6,0.722,2.3,5.4,7.7,0.8,0.5,1.6,1.4,3.7,8.9
246,Meyers Leonard,4,24,POR,27,4,15.6,2,5.3,0.373,1,3.2,0.326,0.9,2.1,0.446,0.472,0.4,0.4,1,0.3,2.9,3.2,0.8,0.1,0.4,0.6,2.4,5.4
255,Robin Lopez,5,28,CHI,26,26,28.5,4.4,9.4,0.467,0,0,0,4.4,9.3,0.469,0.467,0.8,1.3,0.667,3.8,3.8,7.7,0.8,0.1,1.9,0.9,1.7,9.6
284,C.J. Miles,3,29,IND,22,3,22,4,8.7,0.455,2.2,5.1,0.425,1.8,3.5,0.5,0.581,1.3,1.4,0.935,0.3,2.6,3,0.8,0.8,0.5,0.5,1.7,11.4
324,Chandler Parsons,3,28,MEM,6,6,21,3,7.7,0.391,0.8,3.5,0.238,2.2,4.2,0.52,0.446,0.8,1,0.833,0.3,2.7,3,0.8,0.3,0.3,1.3,0.8,7.7
332,Miles Plumlee,5,28,MIL,19,9,10.8,0.9,1.9,0.459,0,0,,0.9,1.9,0.459,0.459,0.7,1.1,0.7,0.9,1,1.9,0.8,0.5,0.3,0.9,1.8,2.5
386,Mirza Teletovic,4,31,MIL,22,1,17.4,2.9,6.8,0.423,2.1,5.2,0.4,0.8,1.5,0.5,0.577,0.5,0.7,0.75,0.2,2.5,2.8,0.8,0.1,0.3,0.7,1.7,8.4
391,Hollis Thompson,2,25,PHI,25,1,18.6,2.4,5.5,0.428,1,2.5,0.381,1.4,3,0.467,0.514,0.5,0.7,0.667,0.6,2.2,2.8,0.8,0.5,0.2,0.3,1.8,6.2
393,Tristan Thompson,5,25,CLE,25,25,29.1,2.7,4.6,0.588,0,0,0,2.7,4.5,0.593,0.588,1.2,2.6,0.462,3.3,6.7,10,0.8,0.5,1.2,0.6,2.2,6.6
410,Sasha Vujacic,2,32,NYK,17,0,7.3,0.6,1.9,0.344,0.3,1.1,0.263,0.4,0.8,0.462,0.422,0.2,0.2,0.75,0.1,1.2,1.3,0.8,0.2,0,0.5,0.9,1.8
429,Reggie Williams,3,30,NOP,4,0,14.3,1.8,4.8,0.368,1.3,2.5,0.5,0.5,2.3,0.222,0.5,1.5,1.8,0.857,0.5,1,1.5,0.8,0.8,0,0,0.5,6.3
3,Steven Adams,5,23,OKC,27,27,29.9,4.7,8,0.585,0,0,0,4.7,8,0.588,0.585,2.4,3.3,0.742,2.9,4.7,7.5,0.7,1.3,0.9,2,2.3,11.9
57,Anthony Brown,3,24,NOP,9,0,15.9,1.6,4.6,0.341,0.7,2.7,0.25,0.9,1.9,0.471,0.415,0,0,,0.7,2.2,2.9,0.7,0.6,0.1,0.6,1.4,3.8
134,Channing Frye,5,33,CLE,18,1,17.7,3.2,7.2,0.446,2.2,4.7,0.471,1,2.5,0.4,0.6,0.9,0.9,0.941,0.4,2.4,2.8,0.7,0.4,0.6,0.6,1.8,9.6
180,Roy Hibbert,5,30,CHO,22,5,15.9,1.8,3.9,0.471,0,0,,1.8,3.9,0.471,0.471,1.8,2.4,0.75,1.4,2.4,3.8,0.7,0.2,1,0.7,2.2,5.4
227,Enes Kanter,5,24,OKC,27,0,19.1,4.9,9,0.547,0.1,0.8,0.143,4.8,8.2,0.586,0.553,2.7,3.4,0.796,2.1,3.6,5.7,0.7,0.4,0.9,1.3,2,12.7
278,Ben McLemore,2,23,SAC,20,5,16.2,2.4,5.8,0.417,0.7,2.1,0.317,1.8,3.7,0.473,0.474,0.8,1.1,0.714,0.3,1.1,1.4,0.7,0.4,0.2,0.8,1.1,6.2
297,Dejounte Murray,1,20,SAS,11,1,4.2,0.4,1.3,0.286,0.2,0.4,0.5,0.2,0.9,0.2,0.357,0.4,0.7,0.5,0,0.5,0.5,0.7,0,0,0.7,0.6,1.3
309,Lucas Nogueira,5,24,TOR,19,0,18.6,1.9,2.6,0.74,0,0,,1.9,2.6,0.74,0.74,0.9,1.3,0.68,1.7,2.9,4.6,0.7,1,1.7,0.7,2.6,4.8
335,Bobby Portis,4,21,CHI,20,0,12.6,1.8,3.8,0.48,0.3,0.7,0.429,1.5,3.1,0.492,0.52,0.6,1,0.55,1.4,2.2,3.6,0.7,0.1,0.2,0.7,1.5,4.5
345,Malachi Richardson,2,21,SAC,3,0,6.7,1,3,0.333,0.7,2,0.333,0.3,1,0.333,0.444,0.7,0.7,1,0,1,1,0.7,0.3,0,0,0.7,3.3
349,Glenn Robinson,3,23,IND,26,9,20.3,2.3,5.3,0.432,0.7,1.8,0.354,1.7,3.5,0.473,0.493,0.9,1.2,0.774,0.7,2.7,3.4,0.7,0.5,0.4,0.5,1.1,6.2
378,Marreese Speights,5,29,LAC,27,0,15.6,3,7,0.432,1,3,0.325,2.1,4.1,0.509,0.5,1.9,2.3,0.836,1.4,3.7,5.1,0.7,0.3,0.4,0.6,2.9,8.9
415,Taurean Waller-Prince,3,22,ATL,17,0,10.5,1.4,3.3,0.411,0.4,1.4,0.292,0.9,1.9,0.5,0.473,0.6,0.7,0.917,0.2,1.9,2.2,0.7,0.2,0.3,0.7,1.1,3.8
421,Hassan Whiteside,5,27,MIA,27,27,33.2,7.3,13.6,0.538,0,0,,7.3,13.6,0.538,0.538,2.7,5.1,0.525,4.3,10.5,14.7,0.7,0.8,2.3,2,3.3,17.4
423,C.J. Wilcox,2,26,ORL,10,0,5.7,0.3,1.2,0.25,0.2,1,0.2,0.1,0.2,0.5,0.333,0.2,0.2,1,0.1,0.4,0.5,0.7,0,0,0.3,0.1,1
6,Cole Aldrich,5,28,MIN,25,0,13.2,1.2,2.2,0.556,0,0,,1.2,2.2,0.556,0.556,0.4,0.6,0.688,1.3,2.6,4,0.6,0.6,0.6,0.3,1.9,2.8
46,Tarik Black,5,25,LAL,24,0,14.9,2.1,4.3,0.5,0,0,0,2.1,4.2,0.505,0.5,1.4,1.8,0.786,2.2,2.8,5,0.6,0.3,0.6,0.7,2.4,5.6
59,Jaylen Brown,3,20,BOS,26,3,14.2,2.1,4.6,0.454,0.5,1.3,0.353,1.6,3.3,0.494,0.504,0.9,1.4,0.622,0.7,1.3,2,0.6,0.4,0.3,0.7,1.5,5.5
96,Ed Davis,4,27,POR,29,11,18.3,1.5,3.1,0.473,0,0,,1.5,3.1,0.473,0.473,1.1,1.6,0.681,2.2,3.2,5.4,0.6,0.4,0.7,0.9,3,4.1
165,Montrezl Harrell,4,23,HOU,19,0,13.4,2.9,4.7,0.629,0.1,0.1,0.5,2.9,4.6,0.632,0.635,0.4,0.8,0.533,1.3,2,3.3,0.6,0.3,0.6,0.8,1.5,6.4
179,Mario Hezonja,3,21,ORL,17,0,10.5,1.4,4.5,0.316,0.4,1.8,0.194,1.1,2.6,0.4,0.355,0.4,0.5,0.667,0.2,1.2,1.4,0.6,0.3,0.1,0.8,0.6,3.5
224,DeAndre Jordan,5,28,LAC,27,27,31.6,4.4,6.8,0.652,0,0,0,4.4,6.8,0.656,0.652,2.8,5.1,0.543,3.5,9.4,12.9,0.6,0.6,1.8,1.4,2.7,11.7
233,Kosta Koufos,5,27,SAC,26,22,20.1,2.8,5.2,0.533,0,0,0,2.8,5.2,0.537,0.533,0.4,0.9,0.478,2.2,3.8,6,0.6,0.4,0.7,0.9,2.2,6
279,Jordan McRae,2,25,CLE,16,0,9,1.3,4.3,0.309,0.3,1.1,0.278,1,3.1,0.32,0.346,0.4,0.5,0.875,0.2,0.8,1,0.6,0.3,0.1,0.3,0.8,3.4
293,Anthony Morrow,2,31,OKC,21,1,16.8,2.6,6,0.432,1,3,0.333,1.6,3,0.532,0.516,0.4,0.6,0.75,0.3,0.5,0.9,0.6,0.4,0.1,0.2,0.9,6.6
319,Kelly Oubre,3,21,WAS,24,1,18.7,2.3,5.1,0.439,0.7,2.2,0.302,1.6,2.9,0.543,0.504,1.1,1.4,0.765,0.7,2.9,3.5,0.6,0.8,0,0.5,2,6.3
348,Brian Roberts,1,31,CHO,7,0,6.3,0.3,1.9,0.154,0,0.3,0,0.3,1.6,0.182,0.154,1.1,1.4,0.8,0.3,0.4,0.7,0.6,0.1,0,0.6,0.3,1.7
354,Terrence Ross,3,25,TOR,25,0,19.9,4,8,0.5,1.7,3.9,0.439,2.3,4.1,0.559,0.608,1.2,1.3,0.909,0.2,1.7,2,0.6,0.9,0.3,0.4,1.4,10.9
358,Brandon Rush,2,31,MIN,11,0,11,0.5,2.2,0.25,0.4,1.3,0.286,0.2,0.9,0.2,0.333,0.1,0.2,0.5,0,1.3,1.3,0.6,0.2,0.2,0.5,0.5,1.5
367,Kevin Seraphin,4,27,IND,13,0,9.5,1.9,3.9,0.49,0,0,,1.9,3.9,0.49,0.49,0.2,0.3,0.5,1.4,2.1,3.5,0.6,0.2,0.4,0.6,1.1,4
437,Joe Young,1,24,IND,16,0,6.2,1.2,3.2,0.373,0.2,0.9,0.2,1,2.3,0.444,0.402,0.5,0.7,0.727,0.1,0.8,0.8,0.6,0.3,0,0.1,0.3,3.1
20,Omer Asik,5,30,NOP,26,18,17.1,1.2,2.4,0.5,0,0,,1.2,2.4,0.5,0.5,0.8,1.4,0.568,1.7,4.2,5.9,0.5,0.2,0.3,0.5,1.5,3.2
22,Luke Babbitt,3,27,MIA,20,11,15.5,1.4,4.3,0.329,1,3,0.317,0.5,1.3,0.36,0.441,0.3,0.4,0.714,0.3,1.6,1.9,0.5,0.4,0.1,0.4,1.2,4
30,Brandon Bass,4,31,LAC,13,0,9.1,1.4,2.8,0.5,0.1,0.1,1,1.3,2.7,0.486,0.514,0.5,0.5,1,0.5,1,1.5,0.5,0.1,0.2,0.3,0.9,3.3
41,Anthony Bennett,4,23,BRK,18,1,11.6,1.7,4.1,0.411,0.6,2.3,0.268,1.1,1.8,0.594,0.486,1.1,1.6,0.714,1.1,2.3,3.4,0.5,0.2,0.1,0.6,0.8,5.1
42,Davis Bertans,4,24,SAS,21,1,11.2,1.1,2.6,0.426,0.8,2,0.381,0.3,0.6,0.583,0.574,0.3,0.4,0.778,0.2,1,1.3,0.5,0.1,0.5,0.3,1,3.3
74,Tyson Chandler,5,34,PHO,19,18,27.8,3.2,4.6,0.693,0,0,,3.2,4.6,0.693,0.693,1.3,1.8,0.706,3.2,8.6,11.8,0.5,0.8,0.5,1.6,3.1,7.7
76,Marquese Chriss,4,19,PHO,27,20,17.1,2.6,6.2,0.419,0.6,1.9,0.308,2,4.3,0.47,0.467,1.1,1.7,0.644,1,2.5,3.4,0.5,0.5,0.5,1.2,2.9,6.9
90,Dante Cunningham,3,29,NOP,15,10,23.5,2.2,5.6,0.393,1.1,2.6,0.41,1.1,3,0.378,0.488,0.1,0.3,0.4,0.9,3.1,3.9,0.5,0.6,0.7,0.7,1.8,5.6
124,Derrick Favors,4,25,UTA,13,9,22.3,3.8,8,0.471,0.1,0.2,0.5,3.7,7.8,0.471,0.476,2.1,3.2,0.643,1.2,4.8,6,0.5,0.9,1,1.2,2.3,9.7
141,Alonzo Gee,3,29,DEN,12,0,7.1,0.3,1.1,0.231,0,0.3,0,0.3,0.8,0.3,0.231,0.4,0.8,0.556,0.3,0.8,1.1,0.5,0.4,0.1,0.2,1,0.9
152,Jerami Grant,3,22,OKC,24,2,20.1,2.2,4.7,0.473,0.5,1.4,0.394,1.7,3.3,0.506,0.531,1.2,2.2,0.528,0.4,2.2,2.6,0.5,0.6,0.9,0.5,2,6.1
170,Aaron Harrison,2,22,CHO,4,0,3.8,0,1,0,0,0.5,0,0,0.5,0,0,0.3,0.5,0.5,0,0.5,0.5,0.5,0,0,0,0.5,0.3
177,Juan Hernangomez,4,21,DEN,21,1,11.4,1,2.4,0.431,0.5,1.2,0.423,0.5,1.2,0.44,0.539,0.9,1.4,0.621,0.6,2,2.5,0.5,0.4,0.3,0.3,1,3.5
196,Kris Humphries,4,31,ATL,20,0,10.4,1.3,3.4,0.388,0.3,0.9,0.333,1,2.5,0.408,0.433,0.9,1.1,0.857,1,1.8,2.8,0.5,0.2,0.5,0.7,1,3.8
228,Ryan Kelly,4,25,ATL,8,0,4.9,0.3,0.9,0.286,0.1,0.4,0.333,0.1,0.5,0.25,0.357,0.3,0.3,1,0,1.1,1.1,0.5,0.4,0.3,0.1,0.3,0.9
253,Kevon Looney,4,20,GSW,24,2,8.8,1.4,2.1,0.66,0,0.1,0.333,1.3,2,0.681,0.67,0.4,0.7,0.588,1,1.6,2.6,0.5,0.2,0.5,0.3,1.5,3.2
304,Raul Neto,1,24,UTA,12,0,4.4,0.8,1.6,0.526,0.4,0.6,0.714,0.4,1,0.417,0.658,0.1,0.1,1,0.1,0.6,0.7,0.5,0.1,0,0.5,0.3,2.2
370,Pascal Siakam,4,22,TOR,26,26,18.4,2.5,4.8,0.532,0,0.1,0,2.5,4.7,0.545,0.532,0.5,0.6,0.75,1.3,2.3,3.6,0.5,0.6,0.7,0.7,2.3,5.5
403,Denzel Valentine,2,23,CHI,19,0,11.5,0.8,3.2,0.262,0.5,2.1,0.256,0.3,1.2,0.273,0.344,0.4,0.4,0.875,0.1,1.6,1.7,0.5,0.3,0.1,0.4,1.1,2.6
404,Fred VanVleet,1,22,TOR,6,0,2.5,0.5,1,0.5,0.2,0.3,0.5,0.3,0.7,0.5,0.583,0,0,,0,0.2,0.2,0.5,0.3,0,0.2,0.2,1.2
1,Alex Abrines,2,23,OKC,20,0,11.8,1.3,3.8,0.342,0.7,2.7,0.264,0.6,1.2,0.522,0.434,0.5,0.6,0.909,0.2,0.8,0.9,0.4,0.3,0.1,0.7,0.9,3.8
11,Chris Andersen,5,38,CLE,12,0,9.5,0.8,1.8,0.409,0,0.3,0,0.8,1.6,0.474,0.409,0.8,1.2,0.714,0.8,1.8,2.6,0.4,0.4,0.6,0.4,1.7,2.3
12,Alan Anderson,3,34,LAC,7,0,11.3,0.9,2.6,0.333,0.6,1.4,0.4,0.3,1.1,0.25,0.444,0.1,0.3,0.5,0.3,0.6,0.9,0.4,0.1,0,0.4,1.3,2.4
73,Willie Cauley-Stein,5,23,SAC,22,0,12.6,2.2,4,0.557,0,0,0,2.2,4,0.563,0.557,0.6,1.1,0.52,0.9,1.1,2,0.4,0.5,0.4,0.6,2.4,5
103,Cheick Diallo,4,20,NOP,5,0,13.8,2.6,5,0.52,0,0,,2.6,5,0.52,0.52,1.4,2,0.7,1.6,2.8,4.4,0.4,0.4,0.4,0.4,1.2,6.6
126,Cristiano Felicio,5,24,CHI,18,0,12.5,1.3,2.9,0.442,0,0,,1.3,2.9,0.442,0.442,0.6,0.9,0.647,2.2,2,4.2,0.4,0.2,0.2,0.4,1.3,3.2
152,Jerami Grant,3,22,TOT,26,2,20.2,2.3,5,0.457,0.5,1.3,0.371,1.8,3.6,0.489,0.508,1.2,2.3,0.525,0.3,2.3,2.7,0.4,0.6,1,0.6,2.1,6.3
217,Wesley Johnson,3,29,LAC,21,0,12.4,1.2,3.1,0.379,0.6,1.9,0.3,0.6,1.2,0.5,0.47,0.2,0.2,1,0.5,2.7,3.2,0.4,0.4,0.6,0.4,1.8,3.2
241,Jake Layman,3,22,POR,17,0,6.9,0.9,2.8,0.319,0.5,1.9,0.242,0.4,0.8,0.5,0.404,0.4,0.5,0.778,0.1,0.6,0.7,0.4,0.4,0.1,0.2,0.7,2.6
270,Sheldon McClellan,2,24,WAS,7,2,11.1,1.7,3.9,0.444,0.3,1.4,0.2,1.4,2.4,0.588,0.481,0.9,1,0.857,0.3,0.4,0.7,0.4,0.6,0,0.1,0.7,4.6
296,Shabazz Muhammad,3,24,MIN,23,0,16.4,2.3,5.4,0.419,0.3,1.1,0.231,2,4.3,0.469,0.444,1.7,2.2,0.745,1,1.6,2.6,0.4,0.2,0.1,0.6,0.8,6.4
305,Georges Niang,4,23,IND,14,0,5.4,0.3,1.9,0.148,0.1,0.7,0.1,0.2,1.2,0.176,0.167,0.1,0.1,1,0.1,0.9,1,0.4,0.1,0,0.4,0.4,0.8
339,Tim Quarterman,2,22,POR,10,0,3.4,0.7,0.8,0.875,0.2,0.3,0.667,0.5,0.5,1,1,0,0,,0.2,0.3,0.5,0.4,0,0.2,0.2,0.2,1.6
350,Thomas Robinson,4,25,LAL,18,1,9.9,1.1,2.7,0.388,0,0,,1.1,2.7,0.388,0.388,0.6,1.3,0.478,1.4,2.3,3.7,0.4,0.4,0.2,0.5,1.3,2.7
357,Damjan Rudez,3,30,ORL,16,0,8.4,0.8,2,0.375,0.5,1.6,0.32,0.3,0.4,0.571,0.5,0,0,,0.3,0.7,1,0.4,0.4,0,0.3,1,2
426,Derrick Williams,3,25,MIA,16,9,16.6,2.5,6.3,0.396,0.3,2.1,0.152,2.2,4.3,0.515,0.421,1.4,2.4,0.605,0.8,1.9,2.7,0.4,0.4,0.3,0.4,1.1,6.8
435,Metta World Peace,3,37,LAL,11,1,6.2,0.5,1.8,0.25,0.2,1,0.182,0.3,0.8,0.333,0.3,0.4,0.5,0.667,0.3,0.4,0.6,0.4,0.3,0.2,0.2,0.9,1.5
443,Paul Zipser,3,22,CHI,7,0,5.6,0.1,1.4,0.1,0,0.6,0,0.1,0.9,0.167,0.1,0.1,0.3,0.5,0.1,1.1,1.3,0.4,0.3,0,0.4,0.6,0.4
5,Alexis Ajinca,5,28,NOP,16,6,14.3,1.9,4.2,0.448,0,0.1,0,1.9,4.1,0.462,0.448,0.6,0.8,0.75,1.1,3.2,4.3,0.3,0.4,0.8,1,1.9,4.3
33,Aron Baynes,5,30,DET,29,1,16.2,1.6,3.6,0.437,0,0,,1.6,3.6,0.437,0.437,1.3,1.5,0.884,1.2,3.2,4.4,0.3,0.3,0.4,1,2.1,4.4
36,Malik Beasley,2,20,DEN,9,0,6,1,3.2,0.31,0.4,1.4,0.308,0.6,1.8,0.313,0.379,0.4,0.7,0.667,0,0.4,0.4,0.3,0.2,0,0,0.4,2.9
40,Dragan Bender,4,19,PHO,22,0,11.4,1,2.9,0.359,0.6,2,0.302,0.5,1,0.476,0.461,0,0.1,0,0.2,1.4,1.5,0.3,0.1,0.5,0.6,1.3,2.7
61,Reggie Bullock,3,25,DET,4,0,10.5,1.8,4,0.438,0.5,1.8,0.286,1.3,2.3,0.556,0.5,0,0,,0.8,0.5,1.3,0.3,0.3,0.5,0.3,0,4
77,Rakeem Christmas,4,25,IND,3,0,4.7,0.3,1.3,0.25,0,0,,0.3,1.3,0.25,0.25,0.3,0.3,1,0.3,0.7,1,0.3,0,0.3,0,0.3,1
84,Pat Connaughton,2,24,POR,12,0,5.4,0.7,0.9,0.727,0.1,0.2,0.5,0.6,0.8,0.778,0.773,0.3,0.5,0.667,0.1,0.8,0.8,0.3,0,0.1,0,0.3,1.8
97,Dewayne Dedmon,5,27,SAS,20,1,14.7,2,3.4,0.588,0,0,,2,3.4,0.588,0.588,0.8,1.2,0.652,1.6,4.3,5.9,0.3,0.5,1.2,0.5,2.4,4.8
140,Michael Gbinije,2,24,DET,7,0,3.7,0.1,1.3,0.111,0,0.6,0,0.1,0.7,0.2,0.111,0.3,0.3,1,0.1,0.1,0.3,0.3,0,0,0,0.3,0.6
147,Archie Goodwin,2,22,NOP,3,0,10,0.7,1.7,0.4,0.3,0.7,0.5,0.3,1,0.333,0.5,3.3,3.3,1,0,0,0,0.3,0,0.3,0,0.3,5
151,Treveon Graham,2,23,CHO,6,1,8.8,0.8,1.3,0.625,0.5,0.8,0.6,0.3,0.5,0.667,0.813,0.3,0.3,1,0,1.2,1.2,0.3,0,0,0.2,1.8,2.5
200,Ersan Ilyasova,4,29,OKC,3,0,20.7,2,5.3,0.375,1,4,0.25,1,1.3,0.75,0.469,0,0,,0.7,4.7,5.3,0.3,1,0.3,1.3,1.7,5
209,John Jenkins,2,25,PHO,4,0,3.3,0.5,1.3,0.4,0.3,0.5,0.5,0.3,0.8,0.333,0.5,0.5,0.5,1,0,0.3,0.3,0.3,0,0,0,0,1.8
259,Timothe Luwawu-Cabarrot,3,21,PHI,18,0,6.7,0.7,1.9,0.343,0.2,0.7,0.25,0.5,1.3,0.391,0.386,0.7,1,0.667,0.1,0.8,0.9,0.3,0.3,0.2,0.3,0.9,2.2
267,Luc Mbah a Moute,4,30,LAC,25,25,23,2.2,4.4,0.491,0.7,1.6,0.425,1.5,2.8,0.529,0.568,1,1.6,0.634,0.8,1.6,2.4,0.3,1.3,0.5,0.7,1.3,6
276,JaVale McGee,5,29,GSW,24,2,8.2,2.4,3.6,0.667,0,0,0,2.4,3.6,0.674,0.667,0.8,1.6,0.462,0.9,1.5,2.4,0.3,0.2,0.7,0.8,1.3,5.6
282,Salah Mejri,5,30,DAL,22,8,13.4,1.3,2.1,0.63,0,0.1,0,1.3,2,0.659,0.63,0.3,0.5,0.583,1.2,3,4.2,0.3,0.7,0.9,0.6,2.3,3
283,Jordan Mickey,4,22,BOS,9,0,7.6,1.1,2.2,0.5,0,0,,1.1,2.2,0.5,0.5,0.2,0.6,0.4,0.9,1,1.9,0.3,0.1,0,0.4,0.9,2.4
327,Adreian Payne,4,25,MIN,9,0,9.3,1.9,4.1,0.459,0.2,1.1,0.2,1.7,3,0.556,0.486,1.3,1.7,0.8,0.7,1.2,1.9,0.3,0.4,0.4,0.8,2.1,5.3
329,Paul Pierce,3,39,LAC,7,1,11.6,1,2.7,0.368,0.7,2,0.357,0.3,0.7,0.4,0.5,0.9,0.9,1,0,1.1,1.1,0.3,0.3,0.3,0.4,2.4,3.6
330,Marshall Plumlee,5,24,NYK,3,0,9,0.3,0.3,1,0,0,,0.3,0.3,1,1,0.7,1,0.667,0.3,1.7,2,0.3,0.3,0,0,1,1.3
333,Jakob Poeltl,5,21,TOR,13,2,11.9,1.1,2.4,0.452,0,0,,1.1,2.4,0.452,0.452,0.6,1,0.615,1.6,1.6,3.2,0.3,0.4,0.4,0.3,2.5,2.8
343,Willie Reed,4,26,MIA,20,0,11.8,1.6,2.8,0.571,0,0,,1.6,2.8,0.571,0.571,0.8,1.7,0.471,1.9,1.9,3.7,0.3,0.1,0.3,0.2,1.3,4
376,Jason Smith,5,30,WAS,24,0,11,1.5,3.3,0.468,0,0.1,0.5,1.5,3.2,0.468,0.475,0.2,0.2,1,0.7,1.6,2.3,0.3,0.3,0.3,0.8,2.1,3.3
390,Lance Thomas,4,28,NYK,17,1,16.8,1.8,4.7,0.375,0.7,1.6,0.429,1.1,3.1,0.346,0.45,0.5,0.5,0.889,0.3,1.6,1.9,0.3,0.5,0.2,0.6,1.2,4.7
436,James Young,2,21,BOS,11,0,5.8,0.5,1.3,0.429,0.2,0.6,0.286,0.4,0.6,0.571,0.5,0,0,,0.2,0.8,1,0.3,0.3,0,0.1,0.2,1.3
442,Stephen Zimmerman,5,20,ORL,4,0,4.8,0.5,1.3,0.4,0,0,,0.5,1.3,0.4,0.4,0,0.3,0,0.8,0.8,1.5,0.3,0,0,0,0,1
39,DeAndre' Bembry,3,22,ATL,9,0,4.9,0.4,1.6,0.286,0,0.3,0,0.4,1.2,0.364,0.286,0.1,0.2,0.5,0.2,0.3,0.6,0.2,0.1,0,0.4,0,1
161,A.J. Hammons,5,24,DAL,13,0,3.8,0.5,1.1,0.429,0.2,0.2,1,0.2,0.8,0.273,0.536,0.2,0.6,0.25,0.3,0.9,1.2,0.2,0,0.3,0.1,0.5,1.3
258,John Lucas III,1,34,MIN,5,0,2.2,0.2,0.8,0.25,0,0.2,0,0.2,0.6,0.333,0.25,0,0,,0,0,0,0.2,0.4,0,0,0,0.4
265,Jarell Martin,4,22,MEM,27,2,15.3,1.7,4.3,0.388,0.3,0.8,0.381,1.4,3.5,0.389,0.422,1.2,1.5,0.78,1,3.3,4.4,0.2,0.4,0.3,0.9,2.3,4.8
268,James Michael McAdoo,4,24,GSW,13,0,6.2,0.6,1.5,0.421,0,0.2,0,0.6,1.2,0.5,0.421,0.1,0.4,0.2,0.1,0.8,0.9,0.2,0.1,0.2,0.3,0.3,1.3
306,Andrew Nicholson,4,27,WAS,18,0,9.2,1.3,3.2,0.397,0.1,0.6,0.1,1.2,2.7,0.458,0.405,0.3,0.5,0.556,0.3,0.9,1.2,0.2,0.3,0.2,0.4,1.4,2.9
372,Kyle Singler,3,28,OKC,14,0,11.6,0.9,2.5,0.343,0.2,1.3,0.167,0.6,1.2,0.529,0.386,0.5,0.6,0.875,0.1,1.4,1.4,0.2,0.1,0.1,0.6,0.9,2.4
407,Rashad Vaughn,2,20,MIL,13,0,11.5,1.6,4.2,0.382,0.9,2.7,0.343,0.7,1.5,0.45,0.491,0,0,,0,1.1,1.1,0.2,0.4,0.3,0.2,0.6,4.2
408,Noah Vonleh,4,21,POR,23,4,11.8,1.2,3.1,0.394,0.3,0.8,0.316,1,2.3,0.423,0.437,0.5,0.7,0.706,0.8,2.7,3.4,0.2,0.3,0.4,0.8,1.6,3.2
50,Joel Bolomboy,4,23,UTA,8,0,2,0.4,0.5,0.75,0,0.1,0,0.4,0.4,1,0.75,0.1,0.3,0.5,0,1,1,0.1,0.1,0.1,0.1,0.1,0.9
95,Deyonta Davis,5,20,MEM,21,0,7.9,1,1.6,0.588,0,0,,1,1.6,0.588,0.588,0.3,0.5,0.545,0.7,1.3,2,0.1,0,0.6,0.4,1.4,2.2
114,Henry Ellenson,4,20,DET,7,0,3.3,0.6,1.1,0.5,0.4,0.7,0.6,0.1,0.4,0.333,0.688,0,0,,0.1,0.7,0.9,0.1,0,0,0.3,0,1.6
130,Bryn Forbes,2,23,SAS,11,0,4.8,0.4,1.2,0.308,0.1,0.5,0.167,0.3,0.6,0.429,0.346,0.1,0.1,1,0,0.4,0.4,0.1,0.1,0,0,0.5,0.9
172,Udonis Haslem,4,36,MIA,7,0,5.9,0.3,1.1,0.25,0,0.1,0,0.3,1,0.286,0.25,0.3,0.6,0.5,0.3,1.1,1.4,0.1,0.1,0,0,1,0.9
221,James Jones,3,36,CLE,14,0,6.4,1.2,1.9,0.654,1,1.4,0.737,0.2,0.5,0.429,0.923,0.3,0.4,0.8,0.1,0.3,0.4,0.1,0.2,0.3,0.3,0.5,3.7
264,Boban Marjanovic,5,28,DET,11,0,5,0.7,2.4,0.308,0,0,,0.7,2.4,0.308,0.308,0.5,0.8,0.667,0.5,1,1.5,0.1,0.1,0.3,0.1,0.7,2
273,Chris McCullough,4,21,BRK,9,0,5.4,1.2,2.7,0.458,0.1,0.4,0.25,1.1,2.2,0.5,0.479,0.1,0.1,1,0.9,0.7,1.6,0.1,0,0.2,0.2,0.4,2.7
274,K.J. McDaniels,3,23,HOU,16,0,10.6,1.5,3.3,0.462,0.4,1.4,0.318,1.1,1.9,0.567,0.529,0.3,0.4,0.833,0.2,1.1,1.3,0.1,0.3,0.5,0.5,0.9,3.8
302,Maurice Ndour,4,24,NYK,13,0,7.6,0.8,1.9,0.44,0,0.2,0,0.8,1.8,0.478,0.44,0.7,0.8,0.9,0.4,1,1.4,0.1,0.4,0.2,0.2,0.8,2.4
424,Alan Williams,4,24,PHO,11,0,9,1.6,2.8,0.581,0,0,,1.6,2.8,0.581,0.581,0.6,1.5,0.438,2.1,2,4.1,0.1,0.5,0.6,0.7,2,3.9
433,Jeff Withey,5,26,UTA,22,0,9.2,1,1.8,0.575,0,0,0,1,1.8,0.59,0.575,0.7,1,0.762,0.9,1.6,2.5,0.1,0.4,0.8,0.3,1.2,2.8
2,Quincy Acy,4,26,DAL,6,0,8,0.8,2.8,0.294,0.2,1.2,0.143,0.7,1.7,0.4,0.324,0.3,0.5,0.667,0.3,1,1.3,0,0,0,0.3,1.5,2.2
58,Bobby Brown,1,32,HOU,6,0,3.7,0.2,2,0.083,0,0.7,0,0.2,1.3,0.125,0.083,0,0,,0,0.3,0.3,0,0,0,0.2,0.3,0.3
152,Jerami Grant,3,22,PHI,2,0,20.5,3,8.5,0.353,0,1,0,3,7.5,0.4,0.353,2,4,0.5,0,3.5,3.5,0,0,2,1.5,2.5,8
184,Jordan Hill,5,29,MIN,3,0,5.3,0.7,1,0.667,0,0,,0.7,1,0.667,0.667,0.7,0.7,1,1,1,2,0,0,0,0.7,1.3,2
193,Danuel House,2,23,WAS,1,0,1,0,0,,0,0,,0,0,,,0,0,,0,1,1,0,0,0,0,0,0
197,R.J. Hunter,2,23,CHI,3,0,3,0,0.3,0,0,0.3,0,0,0,,0,0,0,,0,0.3,0.3,0,0,0,0,0,0
219,Damian Jones,5,21,GSW,1,0,9,0,0,,0,0,,0,0,,,0,0,,0,0,0,0,0,0,2,2,0
220,Derrick Jones,3,19,PHO,2,0,3,0.5,0.5,1,0,0,,0.5,0.5,1,1,0.5,0.5,1,0,0,0,0,0,0,0,0.5,1.5
235,Skal Labissiere,4,20,SAC,2,0,11,2,3.5,0.571,0,0,,2,3.5,0.571,0.571,1,1.5,0.667,2,0,2,0,0,0,0,0,5
262,Ian Mahinmi,5,30,WAS,1,0,14,0,1,0,0,0,,0,1,0,0,1,2,0.5,0,1,1,0,1,1,2,3,1
263,Thon Maker,4,19,MIL,9,0,3.2,0.6,1.1,0.5,0.2,0.4,0.5,0.3,0.7,0.5,0.6,0.6,0.9,0.625,0.3,1.1,1.4,0,0,0.1,0.1,0.4,1.9
308,Nerlens Noel,5,22,PHI,2,0,9,2,4.5,0.444,0,0,,2,4.5,0.444,0.444,1,1,1,1,1.5,2.5,0,0.5,0.5,0,0.5,5
310,Steve Novak,4,33,MIL,3,0,2.7,0,1,0,0,1,0,0,0,,0,0,0,,0,0.3,0.3,0,0,0,0,0,0
314,Daniel Ochefu,5,23,WAS,4,0,2.3,0.3,0.8,0.333,0,0,,0.3,0.8,0.333,0.333,0,0,,0,0.8,0.8,0,0,0,0.3,0.5,0.5
318,Arinze Onuaku,5,29,ORL,4,0,3.3,0.3,0.3,1,0,0,,0.3,0.3,1,1,0,0,,0,0.3,0.3,0,0,0.3,0,0.5,0.5
321,Georgios Papagiannis,5,19,SAC,1,0,6,1,1,1,0,0,,1,1,1,1,0,0,,0,1,1,0,0,0,1,3,2
382,Diamond Stone,5,19,LAC,3,0,4.7,0.7,2.3,0.286,0,0,,0.7,2.3,0.286,0.286,0.7,0.7,1,0.3,0.7,1,0,0,0.3,0.3,1.3,2
384,Walter Tavares,5,24,ATL,1,0,4,1,1,1,0,0,,1,1,1,1,0,2,0,0,1,1,0,0,0,0,0,2
431,Kyle Wiltjer,4,24,HOU,5,0,3.2,0.6,1.2,0.5,0.6,1.2,0.5,0,0,,0.75,0.2,0.4,0.5,0.4,0.6,1,0,0,0,0.4,0.4,2
434,Christian Wood,4,21,CHO,1,0,3,0,1,0,0,1,0,0,0,,0,0,0,,0,2,2,0,0,0,0,0,0
444,Ivica Zubac,5,19,LAL,5,1,7,0.6,1.8,0.333,0,0,,0.6,1.8,0.333,0.333,0.6,0.8,0.75,0.4,0.8,1.2,0,0.2,0,0.4,1.2,1.8
