Player,Season,PlayerID,Age,Points,Rebounds,Assists,Minutes,FTA,Blocks,Fouls,3p,FGA,2p%,FG,ft%,Steals,Turnovers,All Star
Eric Moreland,2015-16,1,24,0.8,1.2,0,4.8,0.4,0.8,0.4,0,0.6,0.667,0.4,0,0,0,0
Kevon Looney,2015-16,2,19,2,2,0,6,0,0,1,0,1,1,1,0,0,0,0
Thanasis Antetokounmpo,2015-16,3,23,3,0.5,0,3,0,0,1,0,2,1,1.5,0,0,0,0
Cristiano Felicio,2015-16,4,23,0.6,0.2,0.6,2.6,0.4,0,0.4,0,0.4,1,0.2,0.5,0,0,0
Cory Jefferson,2015-16,5,25,2.8,2,0,6.3,0.8,0.1,1,0,2.8,0.429,1.1,0.667,0,0,0
Jordan Mickey,2015-16,6,21,2.3,1,0.3,2,1,0.3,0.3,0,1,0.667,0.7,1,0,0,0
Erick Green,2015-16,7,24,0.6,0.6,0.4,3.6,0,0,0.3,0,0.9,0.5,0.3,0,0,0,0
C.J. Wilcox,2015-16,8,25,0.8,0.3,0.3,2.9,0,0,0.1,0,1.5,0.273,0.4,0,0,0,0
Jarell Martin,2015-16,9,21,1,0,0,4.5,0,0,1,0,2.5,0.2,0.5,0,0,0,0
Branden Dawson,2015-16,10,22,1,1.5,0,6.5,0,0.5,1,0,1.5,0.333,0.5,0,0,0,0
Jarnell Stokes,2015-16,11,22,1,0.7,0.2,2.5,0,0,0,0,0.8,0.6,0.5,0,0,0,0
Steve Novak,2015-16,12,32,2.2,0.6,0,4.2,0,0,0.2,0.5,1.8,0.333,0.8,0,0,0,0
Sam Dekker,2015-16,13,21,0,0.3,0,2,0,0,0,0,0,0,0,0,0.3,0,0
Nate Robinson,2015-16,14,31,0,0,2,11.5,0,0,2.5,0,0.5,0,0,0,0.5,0,0
J.J. O'Brien,2015-16,15,23,0,0.5,0,3,0,0,0.5,0,0.5,0,0,0,0.5,0,0
Orlando Johnson,2015-16,16,26,7,1,0,19,2,0,2,1,5,0.25,2,1,1,0,0
Devyn Marble,2015-16,17,23,0.3,0.4,0,2.5,0.1,0,0.3,0,0.8,0.25,0.1,0,0.1,0.1,0
Cleanthony Early,2015-16,18,24,0.7,0.2,0.1,3.4,0,0.1,0.3,0.25,0.6,1,0.3,0,0.1,0.1,0
Reggie Bullock,2015-16,19,24,0.3,0.4,0.2,4.9,0.2,0,0.3,0.1,1.1,0,0.1,1,0.1,0.1,0
Jarell Eddie,2015-16,20,24,3,0.9,0.1,5.6,0.3,0.1,0.2,0.375,2.7,0.167,0.9,1,0.1,0.1,0
Cliff Alexander,2015-16,21,20,1.4,0.9,0,4.4,0,0.3,0,0,1.4,0.5,0.7,0,0.1,0.1,0
Joel Anthony,2015-16,22,33,0.7,1.2,0.1,4,0.5,0.3,0.6,0,0.4,0.4,0.2,0.833,0.2,0.1,0
Matt Bonner,2015-16,23,35,2.3,0.9,0.3,5.7,0.2,0,0.4,0.529,1.6,0.571,0.9,0.75,0.3,0.1,0
Christian Wood,2015-16,24,20,3.6,2.3,0.2,8.1,0.9,0.4,0.6,0.444,3.1,0.441,1.4,0.692,0.4,0.1,0
Joe Harris,2015-16,25,24,0.6,0.6,0.4,3,0,0,0.2,0.25,0.8,0,0.2,0,0,0.2,0
Luke Babbitt,2015-16,26,26,3.5,2.4,0.5,13.7,0.5,0.1,1.7,0.314,3.3,0.5,1.2,0.727,0,0.2,0
Elliot Williams,2015-16,27,26,1.6,0.8,0.8,9,0.8,0,0.4,0.25,2,0.167,0.4,0.75,0,0.2,0
Cameron Bairstow,2015-16,28,25,1.2,1.7,0.2,4.3,0.2,0.1,1.1,0,1.8,0.333,0.5,1,0.1,0.2,0
Jeremy Evans,2015-16,29,28,2.3,1.9,0.1,8.6,0.7,0.3,0.7,0.2,1.6,0.688,0.9,0.714,0.2,0.2,0
Udonis Haslem,2015-16,30,35,1.6,2.2,0.5,8,0.4,0.1,0.7,0.143,1.7,0.389,0.6,0.889,0.2,0.2,0
James Young,2015-16,31,20,1.3,1.1,0.4,8.1,0.2,0.1,0.7,0.238,1.6,0.5,0.5,0.25,0.3,0.2,0
Aaron Harrison,2015-16,32,21,0.5,0.6,0,4.2,0.5,0,0.2,0.333,0.8,0.143,0.2,0.333,0.3,0.2,0
James Ennis,2015-16,33,25,1.3,0.5,0.3,3.5,0.8,0.2,0.2,0.4,0.8,0.333,0.3,0.625,0.3,0.2,0
Rasual Butler,2015-16,34,36,2.6,1.3,0.6,9,0.3,0.5,0.2,0.324,2.2,0.59,1,0.727,0.3,0.2,0
Norman Powell,2015-16,35,22,1,1,0.3,5.8,0.1,0,0.6,0.111,2,0.257,0.5,0.667,0.4,0.2,0
Anthony Morrow,2015-16,36,30,5.5,1.1,0.3,14.6,0.5,0.1,1,0.401,4.9,0.414,2,0.81,0.4,0.2,0
Caron Butler,2015-16,37,35,2.7,1.2,0.3,9.6,0.2,0,0.8,0.125,2.9,0.556,1.2,0.5,0.6,0.2,0
Jeff Ayres,2015-16,38,28,0.5,0.5,0.5,3,0.5,0.8,0.3,0,0,0,0,1,0,0.3,0
Sergey Karasev,2015-16,39,22,1.1,0.8,0.3,5.7,0.3,0,0.3,0.2,1,0.538,0.4,1,0,0.3,0
Luis Montero,2015-16,40,22,1.9,0.3,0.1,3.3,0.3,0,0.1,0.2,1.9,0.5,0.7,1,0,0.3,0
Delon Wright,2015-16,41,23,1.1,0.5,0.3,3,0.5,0,0.2,0.667,1,0.222,0.3,0.5,0.1,0.3,0
Jason Thompson,2015-16,42,29,2.3,2.1,0.7,6.7,1.1,0.3,1.5,0,1.6,0.488,0.8,0.643,0.1,0.3,0
Chris Andersen,2015-16,43,37,1.9,1.3,0.4,5.1,0.6,0.4,0.6,0.4,1.4,0.4,0.6,0.75,0.1,0.3,0
Chris Copeland,2015-16,44,31,2.1,0.4,0.5,6.5,0.3,0,0.7,0.278,2.1,0.467,0.7,0.857,0.1,0.3,0
Pat Connaughton,2015-16,45,23,0.6,0.7,0.2,2.9,0.1,0,0.2,0.222,1,0.182,0.2,1,0.1,0.3,0
K.J. McDaniels,2015-16,46,22,1.5,0.8,0.1,3.9,0.6,0.3,0.8,0.286,1.6,0.316,0.5,0.667,0.2,0.3,0
James Jones,2015-16,47,35,3.3,1.1,0.4,9.6,0.6,0.2,1.3,0.355,2.9,0.417,1.1,0.762,0.2,0.3,0
Anthony Bennett,2015-16,48,22,1.6,1.5,0,5.1,0.7,0,0.6,0.154,1.6,0.4,0.4,0.9,0.3,0.3,0
Jimmer Fredette,2015-16,49,26,0.5,0,0.3,3.3,0,0,0.3,0,1,0.333,0.3,0,0.3,0.3,0
Quincy Acy,2015-16,50,25,3.5,2.8,0.4,11.2,0.8,0.3,1.3,0.455,2.5,0.567,1.4,0.727,0.4,0.3,0
Tim Hardaway,2015-16,51,23,4.4,1.5,1.1,15,0.8,0.1,0.7,0.267,4,0.5,1.5,0.941,0.4,0.3,0
Dante Cunningham,2015-16,52,28,4.1,3,0.6,19.6,0.5,0.4,1.9,0.341,3.8,0.505,1.6,0.667,0.5,0.3,0
R.J. Hunter,2015-16,53,22,2.8,1.3,0.4,10.3,0.3,0.2,1.2,0.245,3.1,0.52,1,0.833,0.5,0.3,0
Lucas Nogueira,2015-16,54,23,2.8,1.4,0.2,8.1,0.6,0.3,1.1,0.5,1.6,0.75,1.2,0.667,0.6,0.3,0
Mitch McGary,2015-16,55,23,1.1,0.9,0.1,4,0.6,0.1,0.6,0,1,0.545,0.4,0.5,0,0.4,0
Terry Rozier,2015-16,56,21,1.6,1.1,0.6,5.9,0.2,0,0.6,0.167,2.7,0.27,0.7,1,0,0.4,0
Darrun Hilliard,2015-16,57,22,3.1,1,0.3,7.6,0.8,0,0.7,0.368,2.7,0.429,1.1,0.688,0.1,0.4,0
Lou Amundson,2015-16,58,33,2.2,1.9,0.4,7.4,1,0.2,1.7,0,2,0.442,0.9,0.435,0.2,0.4,0
Ray McCallum,2015-16,59,24,2.7,1.1,1.3,9.5,0.3,0.2,0.6,0.357,2.5,0.465,1.1,1,0.2,0.4,0
James Michael McAdoo,2015-16,60,23,2.3,1.3,0.4,5.9,1.1,0.2,0.7,0,1.6,0.55,0.9,0.481,0.3,0.4,0
Jared Cunningham,2015-16,61,24,2.7,0.8,0.5,9.3,1.3,0.1,1,0.323,2.4,0.373,0.8,0.625,0.3,0.4,0
Justin Anderson,2015-16,62,22,2.7,1.6,0.3,8.6,0.6,0.3,0.7,0.25,2.5,0.537,1,0.684,0.3,0.4,0
Miles Plumlee,2015-16,63,27,2.9,2.4,0.2,9,0.5,0.7,0.9,0,2.2,0.582,1.3,0.786,0.3,0.4,0
Rashad Vaughn,2015-16,64,19,2.5,1.2,0.4,11.7,0.2,0.2,0.9,0.348,2.9,0.271,0.9,0.889,0.3,0.4,0
Mike Miller,2015-16,65,35,1.2,1.2,0.9,8.2,0,0.1,1.1,0.359,1.2,0.333,0.4,0,0.3,0.4,0
Tyler Hansbrough,2015-16,66,30,2.6,2.6,0.3,9.6,1.7,0.3,1.5,0.667,2,0.396,0.8,0.553,0.4,0.4,0
Anthony Tolliver,2015-16,67,30,5.5,3.4,0.8,19.7,0.8,0.2,1.3,0.372,4.6,0.444,1.8,0.641,0.4,0.4,0
Glenn Robinson III,2015-16,68,22,3.7,1.5,0.6,11.5,1.1,0.1,0.4,0.321,3.1,0.471,1.4,0.711,0.4,0.4,0
Vince Carter,2015-16,69,39,4.1,1.7,0.6,13.3,0.8,0.3,1.5,0.264,4,0.467,1.4,0.84,0.4,0.4,0
Solomon Hill,2015-16,70,24,3.2,2.2,0.8,11,0.7,0.3,1,0.179,3.1,0.475,1.2,0.95,0.4,0.4,0
Tayshaun Prince,2015-16,71,35,3.3,2,1,21.4,0.3,0.2,0.9,0.214,3.3,0.497,1.6,0.615,0.5,0.4,0
Metta World Peace,2015-16,72,36,4.9,2.5,0.9,17.5,1.2,0.5,1.8,0.37,5.1,0.26,1.6,0.696,0.6,0.4,0
Kevin Garnett,2015-16,73,39,3.2,3.9,1.6,14.6,0.6,0.3,1.8,0,3,0.474,1.4,0.667,0.7,0.4,0
Jodie Meeks,2015-16,74,28,1,1,0,8.5,0,0,1,0,2.5,0.2,0.5,0,0,0.5,0
Walter Tavares,2015-16,75,23,2.3,2,0.2,6.9,0.8,0.6,0.8,0,1.8,0.556,1,0.375,0.1,0.5,0
Willie Reed,2015-16,76,25,4.2,2.7,0.2,10.3,1.2,0.5,1.3,0,3.1,0.588,1.8,0.5,0.1,0.5,0
Robert Sacre,2015-16,77,26,2.9,2.4,0.6,12.6,1.3,0.6,1.6,0,2.8,0.404,1.1,0.545,0.1,0.5,0
Ryan Hollins,2015-16,78,31,2.8,2.2,0.3,10.2,0.9,0.6,1.6,0,1.7,0.621,1.1,0.8,0.1,0.5,0
John Jenkins,2015-16,79,24,3.3,1,0.4,9.2,0.4,0,0.5,0.158,3.3,0.51,1.4,0.889,0.1,0.5,0
Damjan Rudez,2015-16,80,29,2.8,0.6,0.4,9.4,0.3,0,1,0.387,2.1,0.7,1,1,0.1,0.5,0
Montrezl Harrell,2015-16,81,22,3.5,1.8,0.4,10.5,1.4,0.2,1.5,0,2.2,0.643,1.4,0.541,0.2,0.5,0
DeJuan Blair,2015-16,82,26,2.2,2,0.4,7.8,0.5,0.1,1.8,0,2.4,0.418,1,0.385,0.3,0.5,0
Brandon Rush,2015-16,83,30,5,2.7,0.9,15.7,0.3,0.3,0.8,0.45,4.1,0.456,1.9,0.571,0.3,0.5,0
Russ Smith,2015-16,84,24,1.5,0.6,0.7,4.4,0.9,0.1,0.3,0.2,1.5,0.353,0.5,0.615,0.3,0.5,0
Richaun Holmes,2015-16,85,22,6.1,2.5,0.6,14.1,1.5,0.8,1.7,0.188,4.4,0.641,2.4,0.685,0.3,0.5,0
Josh Richardson,2015-16,86,22,1.9,1.1,0.8,11.5,0.7,0.2,1.5,0.2,2.3,0.31,0.6,0.688,0.3,0.5,0
Dewayne Dedmon,2015-16,87,26,3.1,3,0.1,10.5,1.1,0.8,1.9,0,2.3,0.5,1.1,0.714,0.3,0.5,0
Damien Inglis,2015-16,88,20,1,1.1,0.3,5.3,0.5,0,0.6,0.2,1,0.333,0.3,0.75,0.3,0.5,0
Markel Brown,2015-16,89,24,2.9,1.2,0.9,10.7,1,0.2,1.3,0.279,2.8,0.347,0.9,0.765,0.3,0.5,0
Anderson Varejao,2015-16,90,33,2.4,2.9,0.7,9.7,0.6,0.2,1,0,2.3,0.431,1,0.765,0.3,0.5,0
Sean Kilpatrick,2015-16,91,26,3.4,0.8,0.4,10.3,1,0,0.9,0.235,2.6,1,1,0.875,0.3,0.5,0
Shayne Whittington,2015-16,92,24,1,0.8,0.5,2.5,0,0.3,0.8,0,0.8,0.667,0.5,0,0.3,0.5,0
Luc Mbah a Moute,2015-16,93,29,2.9,2.4,0.3,16.3,0.9,0.3,1.3,0.379,2.6,0.43,1.1,0.595,0.4,0.5,0
Kyle Singler,2015-16,94,27,3,1.8,0.2,12.8,0.7,0.1,1.7,0.304,2.9,0.435,1.1,0.643,0.4,0.5,0
Kelly Oubre,2015-16,95,20,3.9,2.2,0.3,12.1,0.9,0.1,1.6,0.362,3.5,0.44,1.4,0.686,0.4,0.5,0
Elijah Millsap,2015-16,96,28,1.8,1.8,1,8.7,0.9,0.2,1.7,0.083,2,0.37,0.6,0.722,0.4,0.5,0
Seth Curry,2015-16,97,25,3.7,0.8,0.8,10.3,1,0,0.6,0.433,2.6,0.469,1.2,0.826,0.4,0.5,0
Justin Holiday,2015-16,98,26,2.4,1,0.4,10.4,0.4,0.2,0.8,0.227,2.8,0.481,0.9,0.5,0.5,0.5,0
P.J. Hairston,2015-16,99,23,6.1,2.7,0.6,19.9,0.9,0.1,2.3,0.314,5.9,0.433,2.1,0.81,0.5,0.5,0
Bruno Caboclo,2015-16,100,20,0,0.5,0,1,0,0,0,0,0.5,0,0,0,0.5,0.5,0
Chris Kaman,2015-16,101,33,2.5,1.1,0.6,8,0,0,0.8,0,3.5,0.37,1.3,0,0,0.6,0
Brandan Wright,2015-16,102,28,6.6,3.4,0.6,17.1,2.6,1.4,1.3,0,4.3,0.6,2.6,0.556,0.1,0.6,0
Salah Mejri,2015-16,103,29,3.8,2.9,0.1,10.7,1.4,0.6,1.3,0,2.1,0.667,1.4,0.684,0.1,0.6,0
Andrea Bargnani,2015-16,104,30,6.6,2.1,0.4,13.8,1.2,0.2,1.3,0.188,6.1,0.471,2.8,0.825,0.1,0.6,0
Tarik Black,2015-16,105,24,3.7,4.1,0.3,11.9,1.4,0.3,2.1,0,2.7,0.583,1.6,0.4,0.2,0.6,0
Spencer Dinwiddie,2015-16,106,22,4.4,1,1.4,12.3,2.1,0,1.8,0.143,3.9,0.464,1.6,0.579,0.2,0.6,0
Mike Muscala,2015-16,107,24,3.5,2.1,0.6,10.9,0.7,0.4,1.3,0.29,2.8,0.573,1.4,0.778,0.2,0.6,0
James Anderson,2015-16,108,26,2.3,1.3,0.5,10.8,0.4,0.2,0.8,0.286,2.6,0.333,0.8,0.917,0.2,0.6,0
Brian Roberts,2015-16,109,30,4.9,1,1.3,11.4,1.2,0,0.8,0.333,3.9,0.465,1.7,0.944,0.2,0.6,0
Keith Appling,2015-16,110,23,1.2,0.2,0.2,5.4,0.4,0,1,0,1.6,0.4,0.4,1,0.2,0.6,0
Adreian Payne,2015-16,111,24,2.7,2,0.5,9.4,0.4,0.3,1.5,0.381,2.6,0.426,1.1,0.667,0.3,0.6,0
Johnny O'Bryant,2015-16,112,22,3.3,2.9,0.6,14.3,0.7,0.1,1.7,1,3.4,0.406,1.4,0.667,0.3,0.6,0
Jonas Jerebko,2015-16,113,28,3.7,3.3,0.8,13.6,0.9,0.2,1.7,0.431,3.2,0.383,1.3,0.739,0.3,0.6,0
Boban Marjanovic,2015-16,114,27,5.7,3.7,0.4,8.7,2.3,0.5,1.2,0,3.3,0.61,2,0.743,0.3,0.6,0
Tyler Ennis,2015-16,115,21,2.5,1,1,8.7,0.5,0,1,0.286,2.5,0.435,1,0.75,0.3,0.6,0
Shelvin Mack,2015-16,116,25,4,1,1.6,7.7,0.5,0,0.3,0.154,4.1,0.529,1.7,0.75,0.3,0.6,0
Mike Scott,2015-16,117,27,6.5,2.4,1,14.4,0.9,0.3,1.3,0.409,5,0.559,2.5,0.8,0.3,0.6,0
Alexis Ajinca,2015-16,118,27,4.6,3.9,0.4,11.9,0.6,0.5,2.2,0,3.9,0.524,2,0.87,0.3,0.6,0
Charlie Villanueva,2015-16,119,31,5.6,2.7,0.5,12,0.4,0.3,1.3,0.25,5.8,0.52,2.2,0.889,0.3,0.6,0
Richard Jefferson,2015-16,120,35,5.5,1.5,0.9,18.6,1.3,0.3,1.9,0.383,4.3,0.516,1.9,0.586,0.4,0.6,0
Ryan Kelly,2015-16,121,24,5.3,3.9,0.7,13.2,2.1,0.4,0.9,0.172,4.7,0.492,1.8,0.667,0.4,0.6,0
Drew Gooden,2015-16,122,34,3.5,3.7,0.7,13.2,0.5,0.5,1.6,0.226,4.1,0.412,1.4,0.7,0.4,0.6,0
Kyle Anderson,2015-16,123,22,3.9,2.3,1.3,13,1.1,0.4,1,0.333,3.1,0.496,1.5,0.725,0.4,0.6,0
Derrick Williams,2015-16,124,24,9,3.7,0.9,17.1,3.5,0.1,0.9,0.225,7,0.502,3,0.76,0.4,0.6,0
Anthony Brown,2015-16,125,23,3.8,2.3,0.5,19.6,0.7,0.2,1.1,0.291,4.1,0.341,1.3,0.824,0.4,0.6,0
E'Twaun Moore,2015-16,126,26,6,1.8,1.1,18,0.7,0.2,1.4,0.434,5.2,0.5,2.5,0.615,0.5,0.6,0
Noah Vonleh,2015-16,127,20,3.6,4.1,0.5,16,0.6,0.3,2,0.16,3.5,0.473,1.5,0.813,0.5,0.6,0
Nick Young,2015-16,128,30,7.3,1.7,0.6,18.9,1.1,0.1,0.8,0.344,6.9,0.385,2.5,0.83,0.5,0.6,0
Brandon Bass,2015-16,129,30,6.2,4.1,1.2,18.6,1.7,0.8,1.8,0,4.4,0.533,2.4,0.844,0.5,0.6,0
Chase Budinger,2015-16,130,27,4.5,2.5,1.1,15.7,1.1,0.2,0.9,0.295,4.1,0.466,1.7,0.705,0.6,0.6,0
Chris Johnson,2015-16,131,25,3,1.8,0.8,11.4,0.7,0.2,1.4,0.281,2.7,0.455,1,0.767,0.6,0.6,0
Wayne Ellington,2015-16,132,28,7.2,2.2,0.9,20.2,0.8,0.1,1,0.327,7,0.429,2.7,0.837,0.6,0.6,0
Cameron Payne,2015-16,133,21,5.3,1.7,1.8,11.6,0.4,0.1,1.3,0.394,4.9,0.465,2.1,0.769,0.7,0.6,0
Langston Galloway,2015-16,134,24,7.9,3.6,2.3,25,1.4,0.2,2.1,0.375,7,0.444,2.9,0.789,0.8,0.6,0
Andre Roberson,2015-16,135,24,4.9,3.3,0.8,21.7,0.8,0.7,1.8,0.274,4.1,0.607,2,0.611,0.9,0.6,0
Wesley Johnson,2015-16,136,28,6.8,2.7,0.5,18.9,0.6,0.6,2,0.347,5.9,0.59,2.5,0.576,1,0.6,0
Kris Humphries,2015-16,137,30,6.7,4.2,0.6,17.1,1.1,0.5,1.6,0.348,5.8,0.451,2.4,0.935,0.1,0.7,0
Tibor Pleiss,2015-16,138,26,2,1.3,0.2,6.8,0.2,0.2,1.6,0,2.1,0.478,0.9,1,0.1,0.7,0
Sasha Kaun,2015-16,139,30,0.9,1.1,0.2,4.3,0.4,0.2,0.7,0,0.6,0.6,0.3,0.5,0.2,0.7,0
Troy Daniels,2015-16,140,24,5.6,1.4,0.3,11,0.3,0,1,0.5,4.4,0.409,2,0.5,0.2,0.7,0
JaVale McGee,2015-16,141,28,5.3,4.1,0.1,11.1,1.1,0.8,1.5,0,4.1,0.589,2.4,0.5,0.2,0.7,0
Lamar Patterson,2015-16,142,24,2.5,1.5,1.1,11.6,0.6,0.1,1.3,0.25,2.3,0.516,0.8,0.727,0.2,0.7,0
Myles Turner,2015-16,143,19,9.8,4.7,0.5,19.8,2.2,1.5,2.3,0,7.8,0.538,4.2,0.646,0.3,0.7,0
Nick Collison,2015-16,144,35,2.3,3,0.8,12.3,0.7,0.3,1.9,0,2,0.451,0.9,0.724,0.3,0.7,0
Ian Clark,2015-16,145,24,4.3,1,1,9.7,0.5,0.2,0.9,0.424,3.6,0.484,1.6,0.905,0.3,0.7,0
Thomas Robinson,2015-16,146,24,3.3,3.6,0.2,9.8,1,0.5,1.3,0,3,0.464,1.4,0.511,0.4,0.7,0
Carl Landry,2015-16,147,32,7.2,2.7,0.4,12.1,1.8,0.4,1.5,0.333,5.3,0.576,3,0.652,0.4,0.7,0
Paul Pierce,2015-16,148,38,5.7,2.8,1,17.6,0.9,0.2,1.8,0.31,5.6,0.402,1.9,0.805,0.4,0.7,0
Joseph Young,2015-16,149,23,4.1,1.2,1.5,9,0.8,0,0.7,0.308,3.8,0.458,1.6,0.81,0.4,0.7,0
Kirk Hinrich,2015-16,150,35,3.8,1.7,1.6,15.7,0.5,0,1.8,0.431,3.3,0.397,1.4,0.938,0.4,0.7,0
Jeff Withey,2015-16,151,25,4.8,3.9,0.4,14.7,1.4,1.3,1.6,0,3.5,0.55,1.9,0.717,0.5,0.7,0
Dwight Powell,2015-16,152,24,6.7,4.7,0.7,16.5,2.5,0.4,2,0.167,4.9,0.511,2.4,0.746,0.5,0.7,0
Sasha Vujacic,2015-16,153,31,3.9,1.9,1.2,12.8,0.7,0.1,1.3,0.293,4.1,0.372,1.4,0.76,0.5,0.7,0
Gary Neal,2015-16,154,31,9.8,2.1,1.2,20.2,1.4,0,1.4,0.41,8.1,0.489,3.8,0.855,0.5,0.7,0
Channing Frye,2015-16,155,32,5.3,3.3,1,17.4,0.5,0.5,1.6,0.397,4.3,0.516,1.9,0.905,0.5,0.7,0
Ed Davis,2015-16,156,26,6.7,7.2,1.1,21.3,2.7,0.7,2.5,0,4.3,0.61,2.6,0.547,0.6,0.7,0
Kosta Koufos,2015-16,157,26,6.7,5.7,0.3,19.8,1.5,0.9,2.6,0,5.6,0.523,2.9,0.587,0.6,0.7,0
Willie Cauley-Stein,2015-16,158,22,6.1,5.6,0.4,20.3,1.8,1.2,2.4,0,4.2,0.606,2.5,0.591,0.6,0.7,0
Joe Ingles,2015-16,159,28,4,1.7,1.1,14.3,0.2,0.1,1.2,0.364,3.6,0.536,1.5,0.8,0.6,0.7,0
Tiago Splitter,2015-16,160,31,5.6,3.3,0.8,16.1,1.3,0.3,2,0,4.3,0.529,2.3,0.813,0.6,0.7,0
Marvin Williams,2015-16,161,29,10.6,6.7,1.4,29.3,1.6,1,1.6,0.381,8.5,0.502,3.8,0.869,0.6,0.7,0
Al Jefferson,2015-16,162,31,12.5,6.1,1.6,25.2,2.2,1.1,2.4,0,11.7,0.482,5.6,0.571,0.7,0.7,0
Jason Terry,2015-16,163,38,5.8,1.1,1.3,16.8,0.6,0.1,1.4,0.361,4.8,0.596,2,0.8,0.7,0.7,0
Larry Nance Jr.,2015-16,164,23,5.8,5,0.7,20.3,0.8,0.3,2,0.333,4.9,0.545,2.6,0.7,0.8,0.7,0
T.J. Warren,2015-16,165,22,11,3.1,0.9,22.8,1.4,0.3,2,0.4,9.4,0.52,4.7,0.703,0.8,0.7,0
Bryce Dejean-Jones,2015-16,166,23,6.7,3.7,0.9,20.9,2.1,0.1,1,0.375,5.2,0.522,2.3,0.474,0.9,0.7,0
Garrett Temple,2015-16,167,29,8.3,2.6,1.9,25.7,1.9,0.2,2.4,0.323,7.2,0.468,2.9,0.736,0.9,0.7,0
Alonzo Gee,2015-16,168,28,4,3.2,1,21.5,0.7,0.2,2.3,0.286,3.3,0.568,1.6,0.788,0.9,0.7,0
Toney Douglas,2015-16,169,29,5.8,1.1,1.8,14.6,0.9,0,1.8,0.409,4.9,0.416,2,0.885,1.1,0.7,0
Kendrick Perkins,2015-16,170,31,2.7,1.9,0.5,8.9,0.4,0.2,1,0,1.6,0.813,1.3,0.25,0,0.8,0
Nikola Pekovic,2015-16,171,30,4.5,1.8,0.9,13,1.7,0,1.8,0,4.2,0.38,1.6,0.8,0.1,0.8,0
Doug McDermott,2015-16,172,24,8,2.3,0.6,21.9,0.5,0.1,1.5,0.427,7.2,0.431,3.1,0.826,0.1,0.8,0
Andrew Nicholson,2015-16,173,26,6.2,3.6,0.3,15.2,0.9,0.3,1.3,0.348,5.4,0.5,2.4,0.781,0.2,0.8,0
Tim Frazier,2015-16,174,25,1.5,1.2,1.3,8.2,0.5,0,0.9,0.188,1.8,0.395,0.6,0.533,0.3,0.8,0
Tristan Thompson,2015-16,175,24,7.7,9.4,0.7,28.2,2.8,0.4,2.5,0,5.3,0.567,3,0.606,0.3,0.8,0
Trey Lyles,2015-16,176,20,4.6,4,0.7,17.5,0.9,0.2,1.5,0.435,4.3,0.416,1.8,0.619,0.3,0.8,0
Mirza Teletovic,2015-16,177,30,9.8,3,1,18.2,1.4,0.3,1.5,0.406,8,0.448,3.4,0.75,0.3,0.8,0
Gerald Henderson,2015-16,178,28,7.3,2.7,1,17.3,1.7,0.3,0.9,0.367,6.5,0.437,2.7,0.753,0.3,0.8,0
Frank Kaminsky,2015-16,179,22,7.6,3.9,1.4,21.3,1.9,0.6,1.5,0.333,6.7,0.447,2.7,0.729,0.4,0.8,0
Jason Smith,2015-16,180,29,6.1,2.4,0.7,14.8,0.6,0.7,2,0.25,5.4,0.524,2.7,0.893,0.4,0.8,0
J.J. Hickson,2015-16,181,27,6.9,4.4,0.8,15.3,3,0.6,1.8,0,5.5,0.505,2.8,0.458,0.5,0.8,0
Kostas Papanikolaou,2015-16,182,25,2.6,1.5,0.6,11.3,0.5,0.2,0.9,0.313,2.5,0.412,0.9,0.643,0.5,0.8,0
Nemanja Bjelica,2015-16,183,27,4.4,3.3,1.4,18.2,0.9,0.4,2.6,0.354,3.7,0.5,1.5,0.658,0.5,0.8,0
Aaron Gordon,2015-16,184,20,7.7,5.8,1.4,21.5,2.2,0.7,1.8,0.301,6.2,0.524,2.9,0.676,0.6,0.8,0
Jeremy Lamb,2015-16,185,23,10.5,4.4,1.3,21,1.5,0.4,1.6,0.307,9.1,0.534,4.2,0.774,0.7,0.8,0
Marcus Thornton,2015-16,186,28,10,2.5,1.4,18.8,1.2,0,1.4,0.343,9.3,0.457,3.7,0.885,0.7,0.8,0
Terrence Ross,2015-16,187,24,8.9,2.4,0.7,23.6,0.8,0.4,1.5,0.376,7.5,0.531,3.3,0.794,0.8,0.8,0
Patrick Patterson,2015-16,188,26,6.2,4.3,1.2,24.3,0.2,0.3,1.5,0.339,6,0.481,2.3,0.9,0.8,0.8,0
C.J. Watson,2015-16,189,31,4.8,2,3.1,19.5,0.9,0,1.3,0.313,4.8,0.409,1.8,0.714,1,0.8,0
Ronnie Price,2015-16,190,32,4.2,1.1,1.7,14.8,0.6,0.1,2.3,0.381,3.6,0.385,1.4,0.895,1.1,0.8,0
J.R. Smith,2015-16,191,30,12.8,2.9,1.5,30.5,1.1,0.4,2.9,0.399,11.5,0.432,4.7,0.596,1.2,0.8,0
Omer Asik,2015-16,192,29,3.7,6.1,0.4,17.4,1.5,0.5,2,0,2.6,0.532,1.4,0.6,0.2,0.9,0
Kevin Seraphin,2015-16,193,26,3.7,2.2,1,10.4,0.5,0.7,1.3,0,4.2,0.401,1.7,0.733,0.2,0.9,0
Tyler Zeller,2015-16,194,26,5.5,2.7,0.5,10.1,1.3,0.3,1.6,0,4.4,0.51,2.3,0.733,0.2,0.9,0
Marreese Speights,2015-16,195,28,6,3.3,0.8,11,1.5,0.3,1.6,0.368,6,0.389,2.3,0.8,0.2,0.9,0
Jusuf Nurkic,2015-16,196,21,5.7,4.6,0.7,12.9,3,1,2.4,0,6.1,0.319,1.9,0.622,0.3,0.9,0
Timofey Mozgov,2015-16,197,29,6.4,4.2,0.5,17.4,1.3,0.7,2.1,0.143,5,0.55,2.7,0.733,0.3,0.9,0
Aron Baynes,2015-16,198,29,5.6,4.5,0.7,14.2,1.7,0.6,1.9,0,4.5,0.485,2.2,0.744,0.3,0.9,0
Shabazz Muhammad,2015-16,199,23,9.7,3,0.5,20.1,2.6,0.1,1.2,0.287,7.7,0.523,3.6,0.77,0.3,0.9,0
Joffrey Lauvergne,2015-16,200,24,7.7,5.3,1,17.9,1.1,0.3,2.1,0.343,6.6,0.515,3.2,0.875,0.3,0.9,0
Tony Snell,2015-16,201,24,5.6,3.3,0.9,20.8,0.5,0.3,1.5,0.36,5.5,0.39,2.1,0.917,0.3,0.9,0
Festus Ezeli,2015-16,202,26,7.5,5.9,0.8,17.8,3.1,1.2,2.3,0,5.3,0.557,2.9,0.532,0.4,0.9,0
Tyus Jones,2015-16,203,19,3,1.7,1.6,10.9,0.6,0.1,0.7,0.5,3.4,0.333,1.2,0.6,0.4,0.9,0
Amar'e Stoudemire,2015-16,204,33,5.5,4.4,0.6,14.3,1.5,0.7,1.3,0,4.2,0.525,2.2,0.73,0.4,0.9,0
D.J. Augustin,2015-16,205,28,4.2,1.3,1.9,15.3,1,0.1,1.2,0.393,3.6,0.367,1.4,0.765,0.4,0.9,0
Maurice Harkless,2015-16,206,22,5,3,0.8,16.9,1.2,0.4,1.2,0.273,4.3,0.559,1.9,0.569,0.5,0.9,0
Brandon Jennings,2015-16,207,26,6.7,2,3.2,17.5,1.8,0.1,1,0.299,6,0.45,2.2,0.711,0.5,0.9,0
Josh McRoberts,2015-16,208,28,3.2,2.7,1.6,14.9,1.1,0.2,1.6,0.125,2.9,0.522,1.1,0.731,0.5,0.9,0
David West,2015-16,209,35,6.8,4,1.8,17.1,1,0.6,1.9,0.333,5.3,0.575,3,0.75,0.5,0.9,0
Cole Aldrich,2015-16,210,27,5.3,3.9,0.9,11.6,2,0.7,2.2,0,3.9,0.518,2,0.649,0.6,0.9,0
Gerald Green,2015-16,211,30,10.2,2.7,1,25.8,1.6,0.3,2.1,0.315,9.5,0.468,3.8,0.773,0.6,0.9,0
Shaun Livingston,2015-16,212,30,6.5,1.8,2.9,19.4,1,0.2,1.7,0.167,5.1,0.561,2.8,0.894,0.6,0.9,0
Austin Rivers,2015-16,213,23,8.1,1.8,1.3,21.6,1.3,0.2,2.1,0.284,7.3,0.518,3.2,0.677,0.7,0.9,0
Luis Scola,2015-16,214,35,9.6,5.4,0.9,23,1.2,0.4,2.4,0.433,8.6,0.462,3.9,0.787,0.7,0.9,0
Patrick Mills,2015-16,215,27,8.2,1.9,2.5,20.1,0.5,0.1,1.2,0.387,7.3,0.497,3.2,0.792,0.8,0.9,0
Darrell Arthur,2015-16,216,27,7,4,1.3,20.7,0.7,0.7,2.5,0.36,6.6,0.478,3,0.813,0.8,0.9,0
Leandro Barbosa,2015-16,217,33,6.5,1.6,1.5,15,0.9,0.1,1.5,0.377,5.6,0.486,2.6,0.824,0.8,0.9,0
Harrison Barnes,2015-16,218,23,12.1,4.4,1.8,29.4,2,0.1,2,0.394,9.9,0.502,4.6,0.824,0.8,0.9,0
Allen Crabbe,2015-16,219,23,11.3,2.7,1.2,26.2,1.4,0.1,2.6,0.377,9.2,0.538,4.4,0.87,0.8,0.9,0
Cody Zeller,2015-16,220,23,8.8,6,0.9,25,3.4,0.7,3,0,6.5,0.506,3.2,0.738,0.9,0.9,0
Courtney Lee,2015-16,221,30,10.2,2.4,1.4,29.3,1.8,0.3,1.5,0.373,8.3,0.502,3.8,0.844,1,0.9,0
Pablo Prigioni,2015-16,222,38,2.1,1.8,2,13.8,0.1,0,1.4,0.286,2.1,0.609,0.8,1,1.1,0.9,0
Thabo Sefolosha,2015-16,223,31,6.8,4.5,1.4,23.9,1.4,0.5,1.4,0.3,5.3,0.608,2.7,0.641,1.3,0.9,0
Mike Dunleavy,2015-16,224,35,5,0,0,14,0,0,2,1,4,0.333,2,0,0,1,0
Bismack Biyombo,2015-16,225,23,5.5,8.3,0.3,22.6,2.8,1.5,2.8,0,3.5,0.508,1.8,0.669,0.2,1,0
JaMychal Green,2015-16,226,25,5.4,3.9,0.4,14.5,1.4,0.3,2.1,0.529,4.2,0.486,2.1,0.765,0.3,1,0
Lavoy Allen,2015-16,227,26,5.7,5.8,1,21.8,0.7,0.6,1.8,0,5.4,0.494,2.7,0.556,0.4,1,0
Steven Adams,2015-16,228,22,7.2,6.4,0.7,25,2.5,1.2,2.8,0,4.9,0.586,2.9,0.608,0.4,1,0
Kyle O'Quinn,2015-16,229,25,4.5,3.7,1.1,11.2,0.9,0.7,1.7,0.071,4,0.513,1.9,0.769,0.4,1,0
Jonathon Simmons,2015-16,230,26,6,1.5,1.2,14.1,1.6,0.1,1.9,0.424,4.3,0.536,2.2,0.783,0.4,1,0
Andre Miller,2015-16,231,39,3.6,0.9,2.4,11,0.8,0,1.3,0.25,2.4,0.642,1.5,0.789,0.4,1,0
Jordan McRae,2015-16,232,24,5.8,1.2,1.4,13,2.2,0,0.8,0.222,4.2,0.583,1.8,0.818,0.4,1,0
Aaron Brooks,2015-16,233,31,7.1,1.7,2.4,15.9,0.9,0.2,2,0.363,6.7,0.426,2.7,0.833,0.4,1,0
Lance Thomas,2015-16,234,27,8.6,2.1,0.9,22,2.1,0.1,1.8,0.42,6.4,0.487,3,0.885,0.4,1,0
Terrence Jones,2015-16,235,24,9.3,4.5,0.9,22.3,2.5,0.8,1.8,0.316,7.9,0.489,3.6,0.67,0.5,1,0
Bobby Portis,2015-16,236,20,6.9,4.4,0.5,15.8,1,0.4,1.6,0.261,6.5,0.48,3,0.71,0.5,1,0
Shabazz Napier,2015-16,237,24,4.2,1,2,12.2,0.9,0,0.9,0.341,4,0.36,1.4,0.763,0.5,1,0
Jerian Grant,2015-16,238,23,4.7,1.7,2.4,15.7,1.6,0.1,1.4,0.148,4.7,0.408,1.6,0.783,0.5,1,0
Spencer Hawes,2015-16,239,27,6,4.4,2,18.8,1.1,0.4,2,0.345,5.5,0.438,2.2,0.84,0.5,1,0
Kevin Martin,2015-16,240,32,11.3,2,1.3,22.6,3.8,0,1.7,0.364,9.2,0.379,3.5,0.886,0.5,1,0
James Johnson,2015-16,241,28,5,2.2,1,15.4,1.2,0.6,1.4,0.361,3.9,0.559,2,0.609,0.6,1,0
J.J. Redick,2015-16,242,31,16,1.7,1.5,27.9,3.1,0,1.7,0.481,11.3,0.467,5.3,0.87,0.6,1,0
Dirk Nowitzki,2015-16,243,37,17.6,6.6,1.7,30.8,3.6,0.7,1.9,0.391,14.2,0.469,6.3,0.902,0.6,1,0
Clint Capela,2015-16,244,21,7.4,6.8,0.7,21.1,2.8,1.3,2.7,0,5.5,0.573,3.1,0.404,0.8,1,0
Luol Deng,2015-16,245,30,10.6,4.7,1.5,31.4,2.1,0.4,1.6,0.362,8.9,0.472,3.8,0.792,0.9,1,0
Devin Harris,2015-16,246,32,7.4,2.1,2.1,19.6,2.2,0.2,2,0.337,5.7,0.531,2.6,0.682,1,1,0
Jared Dudley,2015-16,247,30,8.9,3.7,2.1,28.7,1.4,0.1,2.3,0.464,6.5,0.506,3.2,0.765,1,1,0
Wesley Matthews,2015-16,248,29,12,2.9,1.9,32.9,1.8,0.3,2.1,0.348,10.9,0.433,4.1,0.841,1,1,0
Jordan Adams,2015-16,249,21,3.5,1,1.5,7.5,2.5,0,1,0,3,0.4,1,0.6,1.5,1,0
Tony Allen,2015-16,250,34,6.6,4.7,0.9,24.5,1.8,0.3,2.9,0.385,6.3,0.425,2.7,0.61,1.6,1,0
JaKarr Sampson,2015-16,251,22,5.1,2.7,0.6,14.7,2.1,0.3,1.9,0.176,4.3,0.476,1.8,0.639,0.2,1.1,0
Mario Hezonja,2015-16,252,20,5,1.7,1.1,14.9,0.7,0.2,1.3,0.367,4.3,0.469,1.8,0.941,0.2,1.1,0
Andrew Bogut,2015-16,253,31,5.3,7.4,2.1,20.7,0.8,1.6,3.1,0,4.1,0.617,2.5,0.364,0.3,1.1,0
John Henson,2015-16,254,25,6.8,3.9,1,16.7,2,2,2.4,0,4.8,0.591,2.9,0.537,0.3,1.1,0
Sonny Weems,2015-16,255,29,2.7,1.2,1.3,11.5,0.4,0,1,0.433,2.5,0.37,1,0.636,0.3,1.1,0
Lorenzo Brown,2015-16,256,25,2.5,0.9,1.4,7.6,0.5,0.1,0.5,0.125,3.1,0.412,1,0.75,0.4,1.1,0
Roy Hibbert,2015-16,257,29,6.5,5.3,1.4,24.5,2,1.6,3.2,0,5.5,0.443,2.4,0.832,0.4,1.1,0
Arron Afflalo,2015-16,258,30,14.3,3.6,2,34,2.1,0.2,2.3,0.371,12.4,0.48,5.5,0.876,0.4,1.1,0
Marcelo Huertas,2015-16,259,32,2.7,1.3,2.4,11.4,0.2,0.1,1.2,0.296,2.8,0.436,1.1,1,0.4,1.1,0
DeAndre Jordan,2015-16,260,27,12,13.9,1.1,33.6,7.9,2.3,2.7,0,6,0.716,4.3,0.421,0.5,1.1,0
Taj Gibson,2015-16,261,30,8,7.3,1.3,26.6,1.9,1.1,2.5,0,6.7,0.509,3.4,0.667,0.5,1.1,0
Randy Foye,2015-16,262,32,5.9,1.9,2.1,19.6,0.9,0.3,1.5,0.283,6.1,0.415,2.1,0.83,0.5,1.1,0
Lance Stephenson,2015-16,263,25,4.6,2.5,1.4,15.6,0.6,0.1,1.8,0.378,3.8,0.541,1.9,0.731,0.6,1.1,0
Amir Johnson,2015-16,264,28,7.7,6.5,1.8,23.4,1.5,1.1,2.8,0.265,5.7,0.632,3.3,0.553,0.7,1.1,0
Ersan Ilyasova,2015-16,265,28,11.2,5.4,1.1,27.6,2.1,0.5,2.3,0.362,9.7,0.465,4.1,0.729,0.7,1.1,0
Jabari Parker,2015-16,266,20,11.2,4.6,1.4,28.6,2.3,0.5,1.9,0,9.6,0.495,4.7,0.79,0.8,1.1,0
Danny Green,2015-16,267,28,7.3,3.8,1.8,25.4,0.5,0.7,1.5,0.36,7.1,0.407,2.7,0.8,0.8,1.1,0
Iman Shumpert,2015-16,268,25,6.3,3,1.6,24.3,0.8,0.4,2,0.329,6.1,0.447,2.4,0.714,1,1.1,0
Corey Brewer,2015-16,269,29,7.5,2.5,1.5,21.2,1.6,0.2,2.2,0.29,7.1,0.443,2.7,0.805,1.1,1.1,0
Rondae Hollis-Jefferson,2015-16,270,21,5.2,6.1,1.4,22.1,1.6,0.4,2.2,0.2,4.3,0.5,2.1,0.667,1.4,1.1,0
Otto Porter,2015-16,271,22,12.2,5.3,1.9,31,2,0.3,2.3,0.308,10.3,0.553,4.8,0.771,1.7,1.1,0
Michael Kidd-Gilchrist,2015-16,272,22,12.2,7,1.4,31.2,4.2,0.2,1.8,0.4,8.6,0.553,4.6,0.619,0.4,1.2,0
Hollis Thompson,2015-16,273,24,8.8,3.3,1.1,26.8,1.1,0.3,2.4,0.387,7.8,0.436,3.2,0.667,0.4,1.2,0
Boris Diaw,2015-16,274,33,6.6,3.3,2.5,18.8,1.1,0.3,1.4,0.4,5.2,0.554,2.7,0.75,0.4,1.2,0
Beno Udrih,2015-16,275,33,4.6,1.7,2.7,16.2,0.4,0,1.2,0.341,4.4,0.463,1.9,0.933,0.4,1.2,0
Tyson Chandler,2015-16,276,33,5.6,8.5,1,23.3,2.5,0.6,2.1,0,4,0.503,2,0.642,0.5,1.2,0
Nik Stauskas,2015-16,277,22,7.4,2.3,1.8,23.9,1.2,0.4,1.4,0.321,7,0.444,2.6,0.714,0.6,1.2,0
Jon Leuer,2015-16,278,26,8.6,5.6,1.3,20.2,1.2,0.4,2,0.402,7.1,0.516,3.5,0.736,0.6,1.2,0
Kelly Olynyk,2015-16,279,24,10.1,4.4,1.6,20.6,1.6,0.6,2.4,0.419,8.3,0.485,3.8,0.702,0.8,1.2,0
Ian Mahinmi,2015-16,280,29,8.4,7,1.3,24,3.1,1,3.2,0,5.5,0.597,3.3,0.573,0.9,1.2,0
C.J. Miles,2015-16,281,28,12.2,3.1,1.1,25.2,2.3,0.5,2.3,0.353,10.4,0.471,4.2,0.743,1,1.2,0
Nikola Jokic,2015-16,282,20,9.7,6,1.9,20,2.3,0.6,2.5,0.41,7,0.55,3.8,0.786,1,1.2,0
Jose Calderon,2015-16,283,34,7.6,3.1,4,27.6,0.7,0.1,1.8,0.415,6.1,0.527,2.9,0.879,1,1.2,0
Andre Iguodala,2015-16,284,32,7.6,4.3,3.5,27.4,1.4,0.3,1.7,0.39,5.8,0.576,2.9,0.627,1.2,1.2,0
Patrick Beverley,2015-16,285,27,9,3,2.6,26.4,1.1,0.4,3,0.411,7.8,0.435,3.3,0.644,1.2,1.2,0
P.J. Tucker,2015-16,286,30,6.8,5.7,1.8,29.4,1.4,0.3,2.4,0.344,6.2,0.435,2.5,0.74,1.2,1.2,0
DeMarre Carroll,2015-16,287,29,11.7,4.8,1,32,2.1,0.2,2.5,0.378,11.1,0.396,4.3,0.583,1.7,1.2,0
Marcus Smart,2015-16,288,21,9.6,4.1,3,27.2,2.6,0.3,2.8,0.278,9.1,0.427,3.3,0.738,1.7,1.2,0
Jae Crowder,2015-16,289,25,13.9,5.1,1.8,32,3.1,0.5,2.6,0.348,10.9,0.52,4.8,0.822,1.8,1.2,0
Enes Kanter,2015-16,290,23,11.9,7.7,0.5,20.6,3,0.5,1.9,0.429,8.5,0.563,4.8,0.792,0.2,1.3,0
David Lee,2015-16,291,32,7.1,4.3,1.8,15.7,1.7,0.4,1.7,0,6.4,0.455,2.9,0.784,0.4,1.3,0
Bojan Bogdanovic,2015-16,292,26,9.3,3.3,1,26.5,1.2,0.1,1.5,0.357,8.3,0.481,3.5,0.81,0.4,1.3,0
Trey Burke,2015-16,293,23,11.8,2,2.6,23.6,1.3,0.1,1.3,0.347,11,0.472,4.6,0.785,0.6,1.3,0
Marco Belinelli,2015-16,294,29,11.1,1.9,2,26.2,2.4,0,1.6,0.304,9.8,0.466,3.8,0.861,0.6,1.3,0
Tyler Johnson,2015-16,295,23,8.7,3,2.2,24,1.8,0.4,1.8,0.386,6.7,0.529,3.3,0.797,0.7,1.3,0
Jeff Green,2015-16,296,29,12.1,4.5,1.9,28.9,3,0.3,2,0.304,10.4,0.47,4.5,0.803,0.7,1.3,0
Jerami Grant,2015-16,297,21,9,4.5,1.5,25.4,3.6,1.6,2.9,0.226,7.2,0.504,3.1,0.67,0.8,1.3,0
Justise Winslow,2015-16,298,19,5.8,5.2,1.3,27.9,1.2,0.4,2.4,0.261,5.3,0.497,2.2,0.717,0.8,1.3,0
Al Horford,2015-16,299,29,15,6.9,3.1,31.5,1.7,1.5,1.9,0.335,12.8,0.549,6.4,0.773,0.8,1.3,0
Jared Sullinger,2015-16,300,23,9.8,8.4,2.2,23.4,2,0.7,2.7,0.27,9.6,0.455,4.1,0.631,0.9,1.3,0
Nene Hilario,2015-16,301,33,8.7,4.4,1.5,18.7,3,0.5,3,0,6.5,0.551,3.5,0.544,1,1.3,0
Trevor Booker,2015-16,302,28,5.7,6.4,1,22.5,1.3,0.6,2.4,0.25,5.1,0.475,2.3,0.71,1,1.3,0
Matt Barnes,2015-16,303,35,9.1,5.2,1.8,26.5,1.4,0.8,3.1,0.345,7.9,0.488,3.2,0.815,1.1,1.3,0
Meyers Leonard,2015-16,304,23,8.8,5.1,1.7,23.3,0.8,0.3,3,0.344,7.8,0.552,3.4,0.743,0.2,1.4,0
LaMarcus Aldridge,2015-16,305,30,16.7,8.5,1.4,29.6,3.8,1,2.1,0,13.6,0.51,6.8,0.826,0.3,1.4,0
Kenneth Faried,2015-16,306,26,12.3,8.8,1.2,26.4,3.6,1,2.6,0,9.3,0.552,5.1,0.583,0.5,1.4,0
Steve Blake,2015-16,307,35,4.3,1.6,3,15.5,0.2,0.1,1,0.351,4.2,0.455,1.6,0.714,0.5,1.4,0
Alex Len,2015-16,308,22,6.8,6.2,0.9,19.5,2.2,0.9,2.6,0.25,5.8,0.455,2.6,0.72,0.5,1.4,0
Devin Booker,2015-16,309,19,10.7,2,1.5,22.8,2.5,0.1,2.5,0.417,8.1,0.479,3.7,0.826,0.5,1.4,0
Jamal Crawford,2015-16,310,35,13.3,1.6,2.1,25.9,3.2,0.2,1.5,0.32,11.2,0.448,4.5,0.927,0.5,1.4,0
Josh Smith,2015-16,311,30,6.3,3.9,1.5,15.6,1.4,1,2.2,0.292,6.5,0.42,2.4,0.589,0.6,1.4,0
Chandler Parsons,2015-16,312,27,12.3,4.5,2.4,28.1,2.1,0.3,1.8,0.404,9.9,0.526,4.8,0.635,0.6,1.4,0
Jordan Hill,2015-16,313,28,9.4,6.9,1.3,22.3,1.9,0.5,2.4,0,7.8,0.519,4,0.692,0.7,1.4,0
Ramon Sessions,2015-16,314,29,10.1,2.6,2.8,20.7,3.8,0.1,1.4,0.329,7,0.511,3.3,0.785,0.7,1.4,0
Chris Bosh,2015-16,315,31,19.1,7.4,2.4,33.5,5,0.7,1.9,0.368,14.5,0.507,6.8,0.79,0.7,1.4,0
Danilo Gallinari,2015-16,316,27,19.7,5.4,2.5,34.5,8.2,0.4,1.7,0.362,13.2,0.44,5.5,0.88,0.7,1.4,0
Phil Pressey,2015-16,317,24,3.9,1.6,3.3,12.1,1.3,0.1,1,0.308,3.9,0.405,1.5,0.5,0.8,1.4,0
Raul Neto,2015-16,318,23,6.1,1.6,2.5,20.2,0.7,0,1.6,0.393,5.7,0.433,2.4,0.714,0.8,1.4,0
Ben McLemore,2015-16,319,22,7.7,2.1,1.2,21,1.7,0.1,2,0.372,6.2,0.503,2.8,0.732,0.8,1.4,0
Cory Joseph,2015-16,320,24,8.6,2.5,3.1,25.8,2.6,0.3,1.6,0.263,7,0.491,3.2,0.756,0.8,1.4,0
Kyle Korver,2015-16,321,34,9.2,3.5,2.2,30,0.9,0.5,2,0.376,7.8,0.5,3.3,0.818,0.8,1.4,0
Isaiah Canaan,2015-16,322,24,10.5,2.2,1.9,24.6,2.2,0.2,1.6,0.375,8.9,0.333,3.2,0.821,0.8,1.4,0
Gary Harris,2015-16,323,21,10.9,2.9,1.7,30.8,1.5,0.2,2,0.368,9.2,0.516,4.2,0.814,1.2,1.4,0
Mike Conley,2015-16,324,28,14.5,3,6.2,31.5,4,0.3,1.8,0.345,12.2,0.43,4.9,0.843,1.2,1.4,0
Kawhi Leonard,2015-16,325,24,20,6.6,2.4,32.4,4.4,0.9,1.8,0.471,14.3,0.516,7.2,0.874,1.8,1.4,0
Trevor Ariza,2015-16,326,30,12.2,4.6,1.9,34.5,1.9,0.3,2.1,0.374,10.5,0.459,4.3,0.724,1.9,1.4,0
Chuck Hayes,2015-16,327,32,2,4,1,12,1,0,3,0,1,0.5,0.5,1,0,1.5,0
Jonas Valanciunas,2015-16,328,23,12.3,9.5,0.8,26.3,3.8,1.2,2.5,0,8.8,0.536,4.7,0.738,0.3,1.5,0
Serge Ibaka,2015-16,329,26,12.7,6.8,0.9,32.7,1.5,2.2,2.7,0.377,11,0.515,5.4,0.759,0.4,1.5,0
J.J. Barea,2015-16,330,31,9.6,1.9,3.9,22.1,1.4,0,1.6,0.362,8.8,0.45,3.7,0.769,0.4,1.5,0
Donald Sloan,2015-16,331,28,5.8,2.8,4,19.6,1.3,0,1,0.444,4.9,0.423,2.1,0.744,0.5,1.5,0
Zach Randolph,2015-16,332,34,13.9,8.1,1.4,28.7,2.9,0.2,2,0.111,12,0.492,5.8,0.746,0.6,1.5,0
Ryan Anderson,2015-16,333,27,17,6,1.1,31.4,3.3,0.4,1.6,0.386,13.8,0.467,6,0.863,0.6,1.5,0
Matthew Dellavedova,2015-16,334,25,8.2,2.5,4.8,26.3,0.9,0.1,2.3,0.432,7.1,0.416,3,0.902,0.7,1.5,0
Omri Casspi,2015-16,335,27,12.3,6.4,1.4,29.5,2,0.3,2.5,0.422,9.3,0.554,4.6,0.62,0.8,1.5,0
Stanley Johnson,2015-16,336,19,9.1,4.2,1.6,23.6,1.5,0.2,2.5,0.325,8.8,0.432,3.5,0.785,0.8,1.5,0
Rodney Stuckey,2015-16,337,29,9.8,3.4,2.6,25,2.8,0.2,1.4,0.208,8.8,0.45,3.6,0.828,0.8,1.5,0
Raymond Felton,2015-16,338,31,9.5,3.2,3.4,27,2.1,0.1,1.6,0.326,8.4,0.453,3.5,0.835,0.8,1.5,0
Nikola Mirotic,2015-16,339,24,10.6,5.9,1.4,24,2.7,0.7,2,0.354,8.8,0.422,3.4,0.78,0.9,1.5,0
Dion Waiters,2015-16,340,24,9.9,2.9,1.9,28.1,2,0.2,1.9,0.364,9.2,0.418,3.7,0.725,1,1.5,0
Derrick Favors,2015-16,341,24,16.2,8.5,1.4,32.1,4.4,1.4,2.5,0,13,0.512,6.6,0.678,1.3,1.5,0
George Hill,2015-16,342,29,13,4,3.2,35.3,2.1,0.2,2.1,0.44,10.5,0.458,4.8,0.758,1.3,1.5,0
Avery Bradley,2015-16,343,25,15,2.7,2.1,32.8,1.5,0.3,2.1,0.369,13.5,0.487,5.9,0.771,1.5,1.5,0
Kentavious Caldwell-Pope,2015-16,344,22,14.6,3.8,1.8,36.9,3,0.3,2.3,0.311,12.7,0.49,5.3,0.824,1.5,1.5,0
Robin Lopez,2015-16,345,27,9.2,6.4,1.4,25.5,1.7,1.4,2.5,0,7.4,0.527,3.9,0.798,0.2,1.6,0
Norris Cole,2015-16,346,27,9.9,3.2,3.1,25.8,1.1,0.1,2.2,0.288,10.6,0.426,4.2,0.75,0.8,1.6,0
Will Barton,2015-16,347,25,15.6,6.1,2.4,28.8,3.1,0.5,1.8,0.383,12.6,0.484,5.7,0.855,0.9,1.6,0
Rodney Hood,2015-16,348,23,14.6,3.2,2.6,31.1,2.8,0.2,3,0.364,12.1,0.469,5.1,0.881,0.9,1.6,0
Al-Farouq Aminu,2015-16,349,25,10.5,6.5,1.5,29.2,2,0.7,2.2,0.351,9.3,0.458,3.8,0.712,1,1.6,0
Tobias Harris,2015-16,350,23,13.7,7,2,32.9,3.1,0.6,1.9,0.311,11,0.523,5.1,0.784,1,1.6,0
Lou Williams,2015-16,351,29,15.2,2.7,2.7,29.7,6.3,0.3,1.8,0.328,10.6,0.453,4.2,0.835,1,1.6,0
Eric Gordon,2015-16,352,27,14.9,2.1,2.7,33.4,2.8,0.3,2.2,0.377,12.2,0.448,5,0.885,1,1.6,0
O.J. Mayo,2015-16,353,28,9.1,2.6,3.1,27.1,1.3,0.1,2.8,0.294,9.1,0.438,3.4,0.789,1.2,1.6,0
Evan Fournier,2015-16,354,23,13.7,2.9,2.6,31.1,2.5,0,2.5,0.394,11,0.48,4.8,0.819,1.3,1.6,0
Mo Williams,2015-16,355,33,9.5,2,2.9,20.7,1.3,0.2,1.7,0.341,8.3,0.5,3.7,0.9,0.3,1.7,0
Jameer Nelson,2015-16,356,33,7.9,3,5,27.1,0.9,0.1,2.6,0.299,8.1,0.432,3,0.857,0.7,1.7,0
Ty Lawson,2015-16,357,28,6.5,1.8,3.8,23.9,1.7,0.1,1.5,0.344,5.8,0.425,2.3,0.705,0.8,1.7,0
Tony Parker,2015-16,358,33,12.1,2.6,5.1,26.7,2.2,0.1,1.6,0.432,9.7,0.529,5.1,0.757,0.8,1.7,0
Kristaps Porzingis,2015-16,359,20,13.8,7.7,1.2,28.2,3.1,1.9,2.8,0.349,12,0.449,5.1,0.846,0.8,1.7,0
Tim Duncan,2015-16,360,39,8.9,7.5,3,25.9,2.1,1.3,2.4,0,7.2,0.509,3.6,0.744,0.9,1.7,0
Greg Monroe,2015-16,361,25,16.5,9.6,2.3,30.4,4.2,0.9,2.1,0,12.8,0.521,6.7,0.757,0.9,1.7,0
Marcus Morris,2015-16,362,26,13.7,5.1,2.3,36.2,3.6,0.3,2.2,0.303,11.9,0.462,4.9,0.768,0.9,1.7,0
Rudy Gobert,2015-16,363,23,10.2,10.4,1.6,33.1,4.4,2.5,3,0,6.3,0.589,3.7,0.614,1,1.7,0
Jerryd Bayless,2015-16,364,27,10.5,2.7,3.5,28.1,1.6,0.2,2.2,0.432,8.5,0.415,3.6,0.786,1,1.7,0
Bryce Cotton,2015-16,365,23,1.3,0,1,11,0,0,0.7,0,2.7,0.4,0.7,0,1,1.7,0
Manu Ginobili,2015-16,366,38,10,3,3.3,19.7,2.1,0.2,1.6,0.378,7.9,0.5,3.6,0.793,1.1,1.7,0
Rudy Gay,2015-16,367,29,17.9,6.8,1.8,33.6,3.5,0.7,2.6,0.328,14.8,0.511,7,0.795,1.2,1.7,0
Shane Larkin,2015-16,368,23,6.7,2.2,3.8,20.5,1,0.2,1.6,0.357,6,0.47,2.7,0.796,1.2,1.7,0
Donatas Motiejunas,2015-16,369,25,5.6,2.1,1,13.4,1,0.1,1.8,0.412,4.4,0.533,2.2,0.643,0.4,1.8,0
Archie Goodwin,2015-16,370,21,8.5,2.4,2.1,19.1,3.6,0.3,1.2,0.286,6.7,0.458,2.8,0.684,0.5,1.8,0
Joakim Noah,2015-16,371,30,4.3,8.8,3.8,21.9,1.6,1,2.7,0,4.6,0.386,1.8,0.489,0.6,1.8,0
Alec Burks,2015-16,372,24,14.3,3.6,2.1,27.1,5,0.1,2.5,0.387,11.6,0.416,4.8,0.752,0.6,1.8,0
Julius Randle,2015-16,373,21,11.1,9.8,1.7,27.2,3.3,0.4,3.1,0.286,10.4,0.421,4.3,0.7,0.7,1.8,0
Zaza Pachulia,2015-16,374,31,10.1,10.7,1.9,29.4,4.4,0.3,2.7,0,7.1,0.477,3.4,0.752,1,1.8,0
Darren Collison,2015-16,375,28,13.2,2.2,3.9,28.3,3,0,1.8,0.37,10.2,0.509,4.8,0.842,1,1.8,0
Jordan Clarkson,2015-16,376,23,15.3,3.9,2.5,32.2,2.8,0.1,2.2,0.342,13.5,0.478,6.1,0.783,1.1,1.8,0
Greivis Vasquez,2015-16,377,29,7.1,2.3,4.4,22.6,1.6,0,2.1,0.259,7,0.431,2.4,0.88,0.4,1.9,0
Klay Thompson,2015-16,378,25,21.4,3.8,2.3,32.8,3.1,0.7,2,0.43,16.3,0.515,7.8,0.845,0.5,1.9,0
Jeremy Lin,2015-16,379,27,12.3,3.2,3.3,27.1,3.9,0.6,2.3,0.326,9.7,0.464,4.1,0.798,0.6,1.9,0
Marcin Gortat,2015-16,380,31,13.5,9.9,1.6,31.5,2.9,1.3,2.6,0,10.5,0.539,5.7,0.734,0.7,1.9,0
Zach LaVine,2015-16,381,20,12.8,2.9,3.2,24,2.5,0.1,2.4,0.346,11.1,0.473,4.9,0.808,0.7,1.9,0
Joe Johnson,2015-16,382,34,11.8,3.9,4,34.2,1.8,0,1.8,0.372,10.9,0.418,4.4,0.846,0.7,1.9,0
Mason Plumlee,2015-16,383,25,9.2,7.7,2.7,25.7,3.9,1.1,3.1,0,6.7,0.512,3.4,0.616,0.8,1.9,0
Nikola Vucevic,2015-16,384,25,16.7,8.8,2.9,31.6,1.7,1.1,2.5,0.143,15.6,0.5,7.7,0.741,0.8,1.9,0
Kevin Love,2015-16,385,27,15.9,10.5,2.4,32.5,3.7,0.6,2.1,0.368,12.8,0.466,5.4,0.798,0.9,1.9,0
Gorgui Dieng,2015-16,386,26,9.2,6.9,1.5,25.2,2.7,1,2.6,0.143,6.5,0.544,3.5,0.838,1.1,1.9,0
Mario Chalmers,2015-16,387,29,9.9,2.5,3.8,22,4,0.2,2.9,0.314,6.9,0.479,2.9,0.814,1.3,1.9,0
Kent Bazemore,2015-16,388,26,12.8,4.8,2.4,28.3,2.2,0.4,2.3,0.399,10.1,0.498,4.6,0.83,1.3,1.9,0
Thaddeus Young,2015-16,389,27,15.1,9.1,1.7,32.7,2.4,0.4,2.3,0.217,13.2,0.523,6.8,0.611,1.5,1.9,0
Hassan Whiteside,2015-16,390,26,12.2,11.1,0.3,28.3,3.7,3.9,2.5,0,8.2,0.616,5.1,0.549,0.5,2,0
Kyrie Irving,2015-16,391,23,17.8,3.1,4,29.3,3.3,0.2,1.5,0.255,15.5,0.513,6.9,0.888,0.9,2,0
T.J. McConnell,2015-16,392,23,6.3,3.6,4.8,21,0.5,0.2,1.5,0.354,5.7,0.513,2.7,0.607,1.3,2,0
Jimmy Butler,2015-16,393,26,22.4,5.2,4.3,37.9,7.7,0.6,1.9,0.331,16.2,0.491,7.4,0.827,1.7,2,0
Pau Gasol,2015-16,394,35,16.9,10.9,3.3,31.9,3.9,2,2.1,0.406,14.1,0.478,6.7,0.805,0.6,2.1,0
Karl-Anthony Towns,2015-16,395,20,16.7,10.1,1.5,30,2.8,1.8,3,0.375,12.9,0.553,7,0.851,0.7,2.1,0
Dennis Schroder,2015-16,396,22,10.6,2.8,4.5,20.8,2.1,0.1,1.6,0.329,9.7,0.448,4,0.796,1,2.1,0
Jrue Holiday,2015-16,397,25,14.5,2.7,5.3,25.9,3,0.4,2.3,0.347,12.6,0.462,5.4,0.797,1.1,2.1,0
Ish Smith,2015-16,398,27,11.7,3.5,6.6,26.3,2.1,0.3,1.5,0.281,11.9,0.428,4.9,0.74,1.2,2.1,0
Anthony Davis,2015-16,399,22,23.4,10.3,1.8,35.7,6.6,2.4,2.4,0.288,18.1,0.517,9,0.754,1.3,2.1,0
Khris Middleton,2015-16,400,24,17.7,3.7,3.9,36,3.9,0.2,2.6,0.409,14.3,0.438,6.1,0.877,1.3,2.1,0
Andre Drummond,2015-16,401,22,17.1,14.9,0.8,33.7,7.8,1.5,3.1,0.333,13.7,0.526,7.2,0.349,1.6,2.1,0
Jahlil Okafor,2015-16,402,20,17,7.3,1.2,30.3,3.7,1.1,2.5,0,14.7,0.495,7.3,0.679,0.4,2.2,0
Kendall Marshall,2015-16,403,24,3.6,0.9,3.2,14.3,0.4,0,0.9,0.261,4.4,0.368,1.4,0.667,0.5,2.2,0
Andrew Wiggins,2015-16,404,20,20.8,3.8,1.8,35.2,7.2,0.6,2.1,0.252,16.6,0.482,7.4,0.74,0.8,2.2,0
Brook Lopez,2015-16,405,27,20.3,8.4,1.6,33.8,5.5,1.9,3,0,16,0.504,8,0.779,0.8,2.2,0
Evan Turner,2015-16,406,27,9.8,4.7,4.3,27,2.1,0.3,1.6,0.145,8.8,0.494,4,0.853,0.9,2.2,0
Kobe Bryant,2015-16,407,37,16.9,4.2,3.5,29.1,4.1,0.2,2,0.277,16.5,0.41,5.8,0.8,1,2.2,0
Victor Oladipo,2015-16,408,23,14.5,4.7,4,31.1,3.1,0.6,2.3,0.348,12.5,0.452,5.2,0.846,1.3,2.2,0
Kemba Walker,2015-16,409,25,20.2,4.3,5,35.7,5.1,0.6,1.4,0.367,16.5,0.446,7,0.859,1.8,2.2,0
Bradley Beal,2015-16,410,22,18.4,3.8,2.9,31.6,3.2,0.3,2.4,0.387,15.1,0.5,7,0.778,1,2.3,0
Marc Gasol,2015-16,411,31,16.7,7,3.8,34.9,4.7,1.4,2.8,0.667,13.7,0.461,6.4,0.826,1,2.3,0
DeMar DeRozan,2015-16,412,26,23.3,4.3,4.1,36.2,8.2,0.3,2,0.319,17.8,0.461,7.9,0.837,1,2.3,0
Deron Williams,2015-16,413,31,13.9,2.9,5.4,31.9,2.9,0.2,2.3,0.332,12.1,0.455,5,0.891,1,2.3,0
Robert Covington,2015-16,414,25,11,5.8,1.4,26.7,2.2,0.6,3.3,0.333,9.6,0.441,3.6,0.785,1.5,2.3,0
Paul Millsap,2015-16,415,30,17.7,8.6,3.2,32.3,5.6,1.4,2.8,0.314,12.9,0.531,6.3,0.77,1.8,2.3,0
Ricky Rubio,2015-16,416,25,9.5,4.3,8.7,30.2,4.1,0.1,2.6,0.283,7.8,0.382,2.8,0.824,2.3,2.3,0
Blake Griffin,2015-16,417,26,23.2,8.7,5,34.9,5.9,0.6,2.8,0.353,18.4,0.513,9.4,0.725,0.7,2.4,0
Markieff Morris,2015-16,418,26,11.1,5.1,2.3,24.3,2.2,0.4,2.8,0.301,11.4,0.409,4.4,0.727,0.9,2.4,0
Goran Dragic,2015-16,419,29,12.2,3.4,5.2,32.3,1.9,0.2,2.5,0.331,10.7,0.516,5,0.704,1,2.4,0
Dwight Howard,2015-16,420,30,14.2,11.9,1.5,32.1,7.1,1.5,3.1,0,8.5,0.611,5.2,0.549,1.1,2.4,0
D'Angelo Russell,2015-16,421,19,12.1,3.6,3.3,26.9,1.7,0.2,1.7,0.329,11.2,0.478,4.7,0.69,1.1,2.4,0
Elfrid Payton,2015-16,422,21,10.8,3.5,5.8,29.4,2.7,0.2,2.3,0.358,10.4,0.43,4.4,0.615,1.2,2.4,0
C.J. McCollum,2015-16,423,24,20.8,3.7,4.2,35.1,2.8,0.2,2.4,0.395,18.2,0.469,8.1,0.797,1.2,2.4,0
Nerlens Noel,2015-16,424,21,10.8,8.1,1.5,29.2,3.2,1.6,2.6,0,8.4,0.533,4.5,0.572,1.6,2.4,0
Carmelo Anthony,2015-16,425,31,21.1,7.8,4.2,34.7,6.1,0.5,2.5,0.321,17.5,0.453,7.4,0.817,0.9,2.5,0
Giannis Antetokounmpo,2015-16,426,21,15.9,7.1,2.8,34.6,4.7,1.1,3.5,0.234,11.8,0.542,6,0.755,1,2.5,0
Reggie Jackson,2015-16,427,25,19.2,3.4,6.3,31,4.2,0.1,2.2,0.376,16.1,0.465,7.1,0.829,0.8,2.6,0
Gordon Hayward,2015-16,428,25,19.8,5.1,3.7,35.8,6,0.3,2.3,0.365,15,0.472,6.5,0.829,1.1,2.6,0
Derrick Rose,2015-16,429,27,15.9,3.5,4.8,32.3,2.9,0.3,1.5,0.24,15.9,0.438,6.5,0.797,0.6,2.7,0
Dwyane Wade,2015-16,430,34,18.7,4.1,4.7,30.2,5.2,0.5,1.4,0.219,16,0.463,7.3,0.767,1,2.7,0
Isaiah Thomas,2015-16,431,26,21.4,3,6.6,32.3,6.2,0.1,2.1,0.352,16.5,0.455,6.9,0.894,1.2,2.7,0
Jeff Teague,2015-16,432,27,15,2.6,5.4,28.5,3.9,0.3,2.1,0.405,12,0.443,5.2,0.857,1.3,2.8,0
Monta Ellis,2015-16,433,30,14.1,3.1,4.9,33.7,2.4,0.5,2.1,0.306,12.9,0.481,5.6,0.758,1.8,2.8,0
Chris Paul,2015-16,434,30,19,3.7,9.3,32.5,4.1,0.2,2.7,0.384,15.1,0.483,6.9,0.889,2.1,2.8,0
Jarrett Jack,2015-16,435,32,12.8,4.3,7.4,32.1,3.5,0.2,2.4,0.304,11.2,0.426,4.4,0.893,1.1,2.9,0
Tyreke Evans,2015-16,436,26,15.2,5.2,6.6,30.6,3.7,0.3,2.6,0.388,12.6,0.45,5.4,0.796,1.3,2.9,0
Draymond Green,2015-16,437,25,14.4,9.6,7.4,34.2,4.2,1.3,3,0.419,10.5,0.517,5.1,0.667,1.4,2.9,0
Michael Carter-Williams,2015-16,438,24,11.5,5.1,5.5,30.7,2.9,0.7,2.9,0.302,10.3,0.465,4.7,0.662,1.6,2.9,0
Kyle Lowry,2015-16,439,29,21,5,6.2,36.7,5.7,0.5,2.7,0.397,15.6,0.448,6.6,0.861,2.3,3,0
LeBron James,2015-16,440,31,25,7.1,6.4,36,7,0.7,1.9,0.267,18.8,0.563,9.5,0.72,1.4,3.1,0
Nicolas Batum,2015-16,441,27,14.9,6.4,5.5,35.1,3.2,0.6,1.7,0.347,12.4,0.465,5.1,0.846,0.9,3.2,0
Kevin Durant,2015-16,442,27,27.7,8.1,4.5,36.1,7.3,1.2,1.7,0.388,18.6,0.564,9.4,0.893,1,3.2,0
Damian Lillard,2015-16,443,25,24,4.4,7.3,36,5.4,0.3,2.3,0.362,19.6,0.456,8.2,0.865,0.9,3.3,0
Stephen Curry,2015-16,444,27,29.8,5.3,6.5,33.8,5.5,0.2,2,0.452,19.6,0.574,9.9,0.913,2.2,3.4,0
Brandon Knight,2015-16,445,24,19.7,3.7,5.1,36.3,3.4,0.3,2.4,0.333,17.3,0.475,7.4,0.847,1.3,3.5,0
Eric Bledsoe,2015-16,446,26,20.4,4,6.1,34.2,5.5,0.6,2.4,0.372,15.9,0.482,7.2,0.802,2,3.5,0
Tony Wroten,2015-16,447,22,8.4,2.6,2.5,18,4.6,0,1.4,0.176,8.1,0.396,2.8,0.541,0.4,3.6,0
Emmanuel Mudiay,2015-16,448,19,11.4,3.1,5.8,30,3.5,0.6,2,0.273,12.6,0.356,4.2,0.624,1,3.6,0
Paul George,2015-16,449,25,23.4,7.1,4,35.4,6.8,0.3,3,0.39,17.9,0.428,7.4,0.858,1.9,3.6,0
DeMarcus Cousins,2015-16,450,25,27.1,11.2,3.1,34.3,10.1,1.3,3.7,0.356,20.7,0.465,9.2,0.727,1.4,3.8,0
Rajon Rondo,2015-16,451,29,12,6.2,11.8,35.1,2.1,0.2,2.3,0.362,10.9,0.478,5,0.581,1.9,3.9,0
John Wall,2015-16,452,25,20,4.5,9.8,35.9,4.6,0.8,2.2,0.35,17.3,0.458,7.5,0.78,2.1,4.3,0
Russell Westbrook,2015-16,453,27,24,7.6,10,34.4,7.1,0.3,2.4,0.291,18.6,0.502,8.5,0.819,2.4,4.3,0
James Harden,2015-16,454,26,27.8,6.3,7,37.2,10.1,0.7,2.7,0.348,19.1,0.479,8.1,0.871,1.5,4.5,0
