Player,Season,Age,Team,Points,Rebounds,Assists,Mins,FTA,Blocks,Fouls,3p%,FGA,2p%,ft%,Steals,Turnovers,Games,Games Started,FGM,3pa,3pm,ftm,orb,drb,FG%,EFG%,TS%
Aaron Brooks,2017-18,33,MIN,2.6,0.6,0.7,4.7,0.2,0,0.6,0.545,1.9,0.5,0.5,0.1,0.3,12,1,1,0.9,0.5,0.1,0.2,0.4,0.522,0.652,0.649
Aaron Gordon,2017-18,22,ORL,18.3,8,2.2,33.3,4.3,0.8,1.8,0.401,13.1,0.553,0.743,1,1.6,26,26,6.4,5.5,2.2,3.2,1.5,6.5,0.49,0.573,0.608
Abdel Nader,2017-18,24,BOS,1.9,0.8,0.4,7.5,0.1,0.2,0.6,0.316,2.1,0.412,0,0.3,0.4,17,0,0.8,1.1,0.4,0,0.1,0.6,0.361,0.444,0.439
Adreian Payne,2017-18,26,ORL,4.2,1.8,0,8.6,1.2,0,1.2,0.667,2,0.714,0.833,0.4,0.4,5,0,1.4,0.6,0.4,1,0.4,1.4,0.7,0.8,0.831
Al Horford,2017-18,31,BOS,13.9,7.8,5.3,32.6,1.7,1,1.7,0.432,10.7,0.565,0.75,0.6,1.9,35,35,5.6,3.4,1.5,1.3,1.4,6.4,0.523,0.591,0.608
Al Jefferson,2017-18,33,IND,6.5,4.1,0.9,12.5,1,0.6,1.8,0,5.2,0.557,0.833,0.6,0.7,12,0,2.8,0.1,0,0.8,1,3.1,0.548,0.548,0.58
Alec Burks,2017-18,26,UTA,9.9,3.4,1.2,19.3,2.5,0.2,1.3,0.374,8,0.442,0.864,0.9,1,35,0,3.4,2.6,1,2.2,0.4,3.1,0.42,0.48,0.541
Alec Peters,2017-18,22,PHO,1.5,1.5,0,7,0,1,0.5,0.25,2,,,0,0,2,0,0.5,2,0.5,0,0,1.5,0.25,0.375,0.375
Alex Abrines,2017-18,24,OKC,4.7,1.8,0.4,16.4,0.6,0.1,1.9,0.38,3.9,0.421,0.81,0.6,0.5,33,4,1.5,2.8,1.1,0.5,0.3,1.4,0.392,0.527,0.553
Alex Caruso,2017-18,23,LAL,0.6,0.6,0.9,7.9,0,0.1,0.9,,0.9,0.333,,0,0.6,7,0,0.3,0,0,0,0,0.6,0.333,0.333,0.333
Alex Len,2017-18,24,PHO,9.1,9.1,1.4,22.2,3.4,1,2.4,,6,0.54,0.771,0.3,1.5,31,2,3.3,0,0,2.6,3,6.1,0.54,0.54,0.607
Alex Poythress,2017-18,24,IND,0.9,0.7,0.1,4.7,0,0.1,0.7,0.5,0.9,0.333,,0.1,0.2,11,0,0.4,0.4,0.2,0,0.3,0.5,0.4,0.5,0.5
Al-Farouq Aminu,2017-18,27,POR,9.3,7,1.1,29.7,0.8,1,2.1,0.441,7.9,0.385,0.75,0.8,1.1,20,18,3.3,4.7,2.1,0.6,1.2,5.9,0.418,0.547,0.56
Alfonzo McKinnie,2017-18,25,TOR,1.2,0.6,0.1,3.7,0.3,0.1,0.7,0.25,0.8,1,0.667,0.1,0.1,9,0,0.4,0.4,0.1,0.2,0,0.6,0.571,0.643,0.661
Allen Crabbe,2017-18,25,BRK,11.8,4.1,1.5,28.4,1.8,0.2,1.8,0.367,10.1,0.435,0.811,0.6,1.2,30,23,4,6.5,2.4,1.4,0.5,3.7,0.391,0.51,0.539
Amir Johnson,2017-18,30,PHI,4.8,4.9,1.3,15.5,1.3,0.7,2.8,0.214,3.7,0.574,0.59,0.7,1,31,7,2,0.5,0.1,0.7,1.8,3.1,0.53,0.543,0.56
Andre Drummond,2017-18,24,DET,14.2,14.9,3.6,32.4,4.9,1.2,3.3,0,10.3,0.541,0.626,1.4,2.9,33,33,5.5,0.1,0,3.1,4.8,10.1,0.538,0.538,0.568
Andre Iguodala,2017-18,34,GSW,5.8,4.1,3.4,26.4,1.4,0.6,1.3,0.241,5.2,0.535,0.619,0.7,1.1,30,1,2.2,1.9,0.5,0.9,0.9,3.1,0.427,0.471,0.496
Andre Roberson,2017-18,26,OKC,5,4.6,1.2,26.7,0.8,0.9,2.2,0.212,4.2,0.642,0.333,1,0.8,33,33,2.3,1,0.2,0.3,1.9,2.7,0.54,0.565,0.55
Andrew Bogut,2017-18,33,LAL,1.4,3.2,0.7,9.3,0.1,0.6,1.8,,1,0.636,1,0.2,0.8,21,5,0.7,0,0,0.1,1,2.2,0.636,0.636,0.656
Andrew Harrison,2017-18,23,MEM,7.4,2,2.4,20.6,2.5,0.4,2.2,0.308,6.2,0.43,0.795,0.7,1.2,29,19,2.4,2.2,0.7,2,0.5,1.5,0.385,0.441,0.512
Andrew Wiggins,2017-18,22,MIN,17.6,4,1.7,36.6,4.5,0.6,1.9,0.318,15.6,0.473,0.623,1.2,1.7,35,35,6.7,4.3,1.4,2.8,1.1,2.9,0.43,0.474,0.501
Ante Zizic,2017-18,21,CLE,1.2,1.2,0.1,3.5,0.6,0.3,0.4,,1,0.364,0.714,0,0.2,11,1,0.4,0,0,0.5,0.5,0.7,0.364,0.364,0.462
Anthony Davis,2017-18,24,NOP,25.4,10.4,2.4,35,7.7,2.1,1.8,0.404,16.2,0.589,0.804,1.1,2.1,29,29,9.2,1.8,0.7,6.2,2.4,8,0.569,0.591,0.647
Anthony Tolliver,2017-18,32,DET,7.4,2.6,1.1,19.6,1.4,0.3,1.7,0.394,5.4,0.567,0.78,0.4,0.8,30,3,2.3,4.4,1.7,1.1,0.6,2,0.426,0.586,0.617
Antonio Blakeney,2017-18,21,CHI,7.1,1.8,0.6,14.8,1.7,0,0.7,0.286,7,0.408,0.737,0.2,0.7,11,0,2.5,2.5,0.7,1.3,0.3,1.5,0.364,0.416,0.457
Antonius Cleveland,2017-18,23,DAL,0.8,0.8,0.2,6.2,0.3,0.3,0.8,0,1.1,0.308,0.5,0.5,0.2,13,0,0.3,0.1,0,0.2,0.2,0.6,0.286,0.286,0.317
Aron Baynes,2017-18,31,BOS,5.9,5.1,0.8,18.3,1.3,0.6,2.3,0,5.1,0.503,0.735,0.3,1,38,27,2.5,0.2,0,0.9,1.6,3.6,0.487,0.487,0.522
Arron Afflalo,2017-18,32,ORL,2.7,1.3,0.5,13.4,0.7,0.2,1.1,0.241,2.8,0.386,0.778,0.1,0.3,26,2,0.9,1.1,0.3,0.5,0.1,1.2,0.329,0.377,0.426
Austin Rivers,2017-18,25,LAC,15.9,2.1,3.6,32.9,2.9,0.3,2.5,0.404,13.7,0.431,0.648,1.3,1.9,31,29,5.7,6.2,2.5,1.9,0.5,1.6,0.419,0.511,0.53
Avery Bradley,2017-18,27,DET,15.7,2.4,2,31.3,2.5,0.2,2.1,0.414,13.8,0.43,0.817,1.3,2.4,28,28,5.9,4.6,1.9,2.1,0.6,1.9,0.425,0.494,0.526
Bam Adebayo,2017-18,20,MIA,6.9,4.9,1,19.8,2.3,0.7,2.1,0,4.3,0.613,0.741,0.7,0.9,25,10,2.6,0,0,1.7,1.7,3.2,0.607,0.607,0.653
Ben McLemore,2017-18,24,MEM,6.6,2.1,0.9,17.8,0.8,0.2,2.5,0.315,6.2,0.481,0.765,0.5,0.9,21,5,2.6,2.6,0.8,0.6,0.3,1.8,0.412,0.477,0.498
Ben Simmons,2017-18,21,PHI,16.8,8.8,7.6,36.3,4.8,0.8,2.7,0,13.9,0.522,0.529,1.9,3.9,32,32,7.1,0.3,0,2.6,2,6.8,0.511,0.511,0.523
Bismack Biyombo,2017-18,25,ORL,4.1,4.5,0.3,15.7,1.7,1.1,1.7,0,3.2,0.482,0.574,0.1,0.9,35,1,1.5,0,0,1,1.3,3.3,0.478,0.478,0.511
Blake Griffin,2017-18,28,LAC,23.6,7.9,5.1,35.8,7.2,0.3,2.5,0.353,18.6,0.46,0.781,0.9,3,19,19,7.9,6.1,2.2,5.6,1.3,6.6,0.425,0.483,0.542
Boban Marjanovic,2017-18,29,DET,5.6,1.8,0.5,7.3,2.7,0.1,1.7,,3.2,0.543,0.8,0.2,1.2,11,0,1.7,0,0,2.2,0.7,1.1,0.543,0.543,0.643
Bobby Brown,2017-18,33,HOU,2.6,0.4,0.6,5.9,0.1,0,0.3,0.289,3,0.375,0.5,0.2,0.4,18,0,0.9,2.1,0.6,0.1,0,0.4,0.315,0.417,0.419
Bobby Portis,2017-18,22,CHI,12.5,6.7,1.5,21,2.2,0.2,1.2,0.366,10.1,0.525,0.815,0.4,1.1,25,0,4.8,2.8,1,1.8,1.9,4.8,0.48,0.532,0.566
Bogdan Bogdanovic,2017-18,25,SAC,10.3,2.4,2.5,25.3,1.4,0.3,1.7,0.369,8.4,0.544,0.791,1.1,1.7,31,13,3.9,3.6,1.3,1.1,0.3,2.1,0.469,0.548,0.572
Bojan Bogdanovic,2017-18,28,IND,14,3.2,1.3,31.6,1.9,0.1,1.7,0.405,10.9,0.541,0.838,0.7,1.3,35,35,5.2,4.9,2,1.6,0.2,3,0.479,0.571,0.599
Bradley Beal,2017-18,24,WAS,23,4.3,3.5,35.2,5.3,0.5,2,0.351,18.8,0.486,0.789,1.1,2.1,35,35,8.3,6.3,2.2,4.2,0.9,3.4,0.441,0.5,0.544
Brandan Wright,2017-18,30,MEM,5.6,3.6,0.3,14.7,1.4,1.1,1.2,,4,0.579,0.667,0.5,0.2,19,1,2.3,0,0,0.9,1.1,2.5,0.579,0.579,0.603
Brandon Ingram,2017-18,20,LAL,16.3,5.5,3.3,35.1,5.5,0.8,3.3,0.34,13.5,0.462,0.657,0.9,2.5,31,31,6,1.6,0.5,3.6,1.1,4.4,0.447,0.468,0.51
Brandon Paul,2017-18,26,SAS,3.3,1.2,0.9,12,0.9,0.2,1.3,0.317,2.7,0.533,0.643,0.7,0.6,32,2,1.2,1.3,0.4,0.6,0.1,1.2,0.43,0.506,0.534
Briante Weber,2017-18,25,HOU,0.3,1,0.7,8,0,0.3,1.3,0,0.8,0.25,,0.5,0.2,6,0,0.2,0.2,0,0,0,1,0.2,0.2,0.2
Brice Johnson,2017-18,23,LAC,1.8,1.4,0.1,4.2,0.2,0.2,0.8,0,1.2,0.7,1,0.7,0.4,9,0,0.8,0.1,0,0.2,0.2,1.2,0.636,0.636,0.673
Brook Lopez,2017-18,29,LAL,12.8,4.3,1.7,22.4,2.6,1.6,2.9,0.297,10.9,0.528,0.753,0.5,1.7,28,28,4.8,4,1.2,2,1.3,3,0.444,0.498,0.533
Bruno Caboclo,2017-18,22,TOR,0,0.5,0.5,3.5,0,0,0.5,0,1,,,0.5,0,2,0,0,1,0,0,0,0.5,0,0,0
Bryn Forbes,2017-18,24,SAS,6.7,1.4,1,19.4,0.7,0.1,1.4,0.406,6,0.442,0.522,0.4,0.5,35,7,2.5,3,1.2,0.3,0.2,1.2,0.424,0.526,0.529
Buddy Hield,2017-18,24,SAC,12.5,3.6,1.5,23,0.9,0.2,1.7,0.454,10.7,0.448,0.9,1.1,1.5,32,8,4.8,4.4,2,0.8,0.7,3,0.45,0.544,0.562
C.J. McCollum,2017-18,26,POR,20.7,4,2.9,36.6,2.9,0.4,2.3,0.412,17.9,0.456,0.872,1,2,32,32,7.9,5.7,2.3,2.6,0.6,3.4,0.442,0.508,0.54
C.J. Miles,2017-18,30,TOR,10,1.7,0.6,18.4,1.2,0.3,1.9,0.38,8.2,0.471,0.9,0.8,0.5,26,1,3.3,6.3,2.4,1,0.2,1.5,0.402,0.547,0.574
C.J. Williams,2017-18,27,LAC,4.5,1.5,0.9,16.4,0.5,0.3,1.6,0.343,4.2,0.472,0.8,0.6,0.4,21,6,1.8,1.7,0.6,0.4,0.3,1.1,0.42,0.489,0.509
Caleb Swanigan,2017-18,20,POR,2.6,2.4,0.6,8.9,0.9,0.2,1.6,0.2,2.8,0.378,0.615,0.3,0.7,15,3,1,0.3,0.1,0.5,0.8,1.6,0.357,0.369,0.409
Caris LeVert,2017-18,23,BRK,12,3.6,3.8,26.9,2.8,0.4,2.2,0.347,9.9,0.505,0.681,1.3,2.4,34,9,4.4,3.6,1.2,1.9,0.7,2.9,0.448,0.51,0.539
Carmelo Anthony,2017-18,33,OKC,17.6,6.1,1.6,33,3.2,0.6,2.7,0.355,15.8,0.445,0.764,0.7,1.4,34,34,6.5,5.9,2.1,2.5,0.7,5.4,0.412,0.478,0.51
Cedi Osman,2017-18,22,CLE,2.1,1.6,0.2,7.6,0.2,0,1.1,0.4,1.8,0.536,0.5,0.3,0.3,27,0,0.9,0.7,0.3,0.1,0.2,1.4,0.479,0.563,0.563
Chandler Parsons,2017-18,29,MEM,8.8,2.8,2,20.9,1,0.3,1.8,0.411,6.9,0.571,0.6,0.5,1.1,26,7,3.3,3.7,1.5,0.6,0.5,2.4,0.486,0.595,0.6
Channing Frye,2017-18,34,CLE,4.2,2.4,0.6,12.4,0.2,0.2,1.3,0.315,3.4,0.692,1,0.3,0.4,31,1,1.7,1.7,0.5,0.2,0.2,2.1,0.5,0.58,0.596
Charles Cooke,2017-18,23,NOP,1,0,0.2,3,0.3,0,0,0.25,1.3,0.25,0.5,0.2,0.2,6,0,0.3,0.7,0.2,0.2,0,0,0.25,0.313,0.338
Cheick Diallo,2017-18,21,NOP,2.6,2.2,0.3,7.1,0.5,0.1,1.3,,2.2,0.537,0.556,0.1,0.4,19,0,1.2,0,0,0.3,0.5,1.7,0.537,0.537,0.545
Chris McCullough,2017-18,22,WAS,2.9,1.6,0.1,5.5,0.7,0.3,0.7,0.167,2.8,0.48,0.625,0,0,11,0,1.2,0.5,0.1,0.5,0.5,1.2,0.419,0.435,0.463
Chris Paul,2017-18,32,HOU,17.1,5.4,9,31.1,3.3,0.4,2.6,0.408,12.2,0.546,0.904,2.1,2.4,16,16,5.8,6.1,2.5,2.9,0.6,4.8,0.477,0.579,0.626
Clint Capela,2017-18,23,HOU,14.2,11.2,1.2,25.6,3.2,1.8,2.8,0,8.9,0.694,0.581,0.8,1.6,29,29,6.2,0,0,1.9,3.3,8,0.691,0.691,0.687
Cody Zeller,2017-18,25,CHO,7.2,5.5,0.8,19.9,3.1,1.1,2.7,1,5,0.489,0.724,0.5,1.1,19,0,2.5,0.1,0.1,2.2,2.4,3.1,0.495,0.5,0.568
Cole Aldrich,2017-18,29,MIN,0.5,0.2,0.2,2.2,0.3,0,0.3,,0.5,0.333,0.5,0.3,0,6,0,0.2,0,0,0.2,0,0.2,0.333,0.333,0.387
Corey Brewer,2017-18,31,LAL,2.9,1.2,0.6,11.2,0.8,0.1,1.5,0.208,2.4,0.554,0.667,0.8,0.6,33,1,1.1,0.7,0.2,0.5,0.2,1,0.45,0.481,0.517
Cory Joseph,2017-18,26,IND,7.7,2.5,3,25.1,1.1,0.3,1.3,0.41,6.8,0.439,0.892,0.9,1,35,1,2.9,2.4,1,0.9,0.2,2.3,0.429,0.5,0.533
Courtney Lee,2017-18,32,NYK,13.4,3.6,2.8,32.2,1.9,0.1,1.6,0.431,10.8,0.479,0.953,1.4,1.3,34,34,5,3.8,1.6,1.8,0.5,3,0.462,0.538,0.577
Cristiano Felicio,2017-18,25,CHI,3.8,2.7,0.6,14,1,0.2,1.9,,2.6,0.617,0.583,0.2,0.7,23,0,1.6,0,0,0.6,1,1.7,0.617,0.617,0.624
D.J. Augustin,2017-18,30,ORL,8.6,1.7,3.1,21.4,2.6,0,1.5,0.402,6,0.463,0.863,0.8,1.6,28,7,2.6,3.1,1.3,2.3,0.2,1.5,0.431,0.536,0.608
D.J. Wilson,2017-18,21,MIL,0.7,0.5,0.2,3.8,0,0,0.4,0,0.8,0.667,,0,0.2,12,0,0.3,0.3,0,0,0,0.5,0.444,0.444,0.444
Dakari Johnson,2017-18,22,OKC,2.4,1.3,0.5,7.1,0.9,0.4,1.3,,1.8,0.536,0.571,0.3,0.3,16,5,0.9,0,0,0.5,0.6,0.8,0.536,0.536,0.556
Damian Jones,2017-18,22,GSW,0,1,0,2,0,0,1,,0,,,0,0,1,0,0,0,0,0,1,0,,,
Damian Lillard,2017-18,27,POR,25.2,5,6.4,37.1,6.7,0.5,1.7,0.348,19.4,0.469,0.928,1,3.1,31,31,8.1,8.1,2.8,6.2,0.9,4.1,0.418,0.491,0.565
Damien Wilkins,2017-18,38,IND,1.1,0.7,0.4,6.1,0.1,0,0.3,0,1.4,0.571,0.5,0.1,0.3,16,0,0.5,0.6,0,0.1,0.3,0.4,0.348,0.348,0.356
Damyean Dotson,2017-18,23,NYK,3,1.4,0.5,9.5,0.2,0.1,0.7,0.3,2.7,0.586,0.667,0.2,0.2,18,2,1.3,1.1,0.3,0.1,0.2,1.2,0.469,0.531,0.537
D'Angelo Russell,2017-18,21,BRK,20.9,4.7,5.7,27.8,5.3,0.2,2.5,0.295,17.1,0.535,0.683,1,4,12,12,7.9,5.1,1.5,3.6,0.8,3.9,0.463,0.507,0.539
Daniel Hamilton,2017-18,22,OKC,0,0,0,4,0,0,0,,1,0,,0,0,1,0,0,0,0,0,0,0,0,0,0
Daniel Theis,2017-18,25,BOS,4.6,4.1,0.6,13.3,1.4,0.8,2.4,0.192,3.4,0.583,0.796,0.4,1.1,36,2,1.7,0.7,0.1,1.1,1.2,2.9,0.5,0.52,0.578
Danilo Gallinari,2017-18,29,LAC,13.4,4.4,2.5,31.7,3.3,0.2,1.5,0.258,12.6,0.416,0.972,0.7,1.5,11,11,4.4,5.6,1.5,3.2,0.2,4.2,0.345,0.403,0.475
Danny Green,2017-18,30,SAS,8.8,3.8,1.8,27.6,0.5,1.2,1.4,0.372,8.3,0.446,0.733,1.1,1.5,29,29,3.4,4.4,1.7,0.4,0.5,3.3,0.407,0.506,0.515
Dante Cunningham,2017-18,30,NOP,5.5,4.1,0.6,22.9,0.8,0.3,1.7,0.333,4.9,0.525,0.577,0.5,0.3,33,19,2.1,2.5,0.8,0.5,1,3.1,0.429,0.512,0.522
Danuel House,2017-18,24,PHO,4.4,1.3,0.6,12.7,1.6,0,0.9,0.154,3.6,0.583,1,0.1,0.4,7,0,1.3,1.9,0.3,1.6,0,1.3,0.36,0.4,0.519
Dario Saric,2017-18,23,PHI,12.7,6.9,2.5,30.4,1.8,0.3,2.2,0.331,11.3,0.493,0.831,0.6,1.8,32,27,4.8,4.9,1.6,1.5,2.2,4.8,0.422,0.494,0.525
Darius Miller,2017-18,27,NOP,7.7,1.6,1.2,20.7,0.8,0.1,1.8,0.455,5.6,0.5,0.846,0.3,0.6,34,2,2.6,4.2,1.9,0.6,0.1,1.4,0.466,0.638,0.656
Darrell Arthur,2017-18,29,DEN,1.4,1.2,0.2,8.6,0,0,1.4,0.111,2.8,0.4,,0.4,1.4,5,0,0.6,1.8,0.2,0,0.2,1,0.214,0.25,0.25
Darren Collison,2017-18,30,IND,12.1,3,5.8,30.4,2.3,0.2,2,0.408,9.4,0.505,0.87,1.2,1.4,34,34,4.4,3,1.2,2,0.6,2.4,0.473,0.539,0.582
Darrun Hilliard,2017-18,24,SAS,0.6,0.8,0.8,9,0.4,0,0.8,0,1.8,0.167,0.5,0.4,0.6,5,0,0.2,0.6,0,0.2,0,0.8,0.111,0.111,0.152
David Nwaba,2017-18,25,CHI,7.8,5.1,1.5,23.3,3,0.5,2,0.231,5.3,0.592,0.606,0.9,0.9,22,3,2.9,0.6,0.1,1.8,0.9,4.2,0.552,0.565,0.589
David West,2017-18,37,GSW,6.6,3.3,1.8,13.1,1,1.1,1.5,0.429,4.7,0.624,0.676,0.7,1,33,0,2.9,0.2,0.1,0.7,0.8,2.5,0.615,0.625,0.638
Davis Bertans,2017-18,25,SAS,4.4,1.6,0.5,10.1,0.5,0.3,0.9,0.38,3.4,0.64,0.813,0.2,0.4,31,0,1.5,2.5,1,0.4,0.2,1.5,0.442,0.587,0.608
De'Aaron Fox,2017-18,20,SAC,9.4,2.8,3.7,25.1,2.1,0.2,2.2,0.289,9.5,0.42,0.667,0.9,2.2,29,16,3.8,1.3,0.4,1.4,0.4,2.3,0.402,0.422,0.451
DeAndre' Bembry,2017-18,23,ATL,4.8,2.3,1.4,17.3,1.2,0.4,1.7,0.35,4.9,0.382,0.667,0.7,2,18,0,1.8,1.1,0.4,0.8,0.4,1.9,0.375,0.415,0.447
DeAndre Jordan,2017-18,29,LAC,11.1,15.2,1.2,32.5,3.1,1.1,2.9,,7.2,0.654,0.549,0.5,1.7,33,33,4.7,0,0,1.7,4.6,10.6,0.654,0.654,0.649
DeAndre Liggins,2017-18,29,MIL,2,1.4,0.8,15.3,0.2,0.3,2,0.306,2.2,0.379,0.4,0.9,0.4,29,1,0.8,1.2,0.4,0.1,0.1,1.3,0.338,0.423,0.424
Dejounte Murray,2017-18,21,SAS,6.6,4.7,2.6,18.3,1.7,0.2,1.7,0.25,6.3,0.43,0.741,0.7,1.5,35,11,2.6,0.3,0.1,1.2,1.1,3.6,0.42,0.427,0.47
Delon Wright,2017-18,25,TOR,7.8,2.2,2.2,20.2,2,0.5,1.3,0.302,5.6,0.581,0.929,1,1.6,21,0,2.7,2,0.6,1.9,0.5,1.7,0.479,0.534,0.605
DeMar DeRozan,2017-18,28,TOR,24,4.4,4.8,34.4,7.9,0.2,1.7,0.323,17.5,0.507,0.813,1.2,2.4,33,33,8.3,2.8,0.9,6.5,0.8,3.6,0.477,0.503,0.574
DeMarcus Cousins,2017-18,27,NOP,25.9,12.1,5.2,35.1,8,1.4,3.6,0.352,18.6,0.543,0.74,1.5,5,34,34,8.9,6.2,2.2,5.9,2,10.1,0.479,0.538,0.586
DeMarre Carroll,2017-18,31,BRK,12.6,6.7,1.8,28.7,3.5,0.4,2.2,0.35,10.3,0.451,0.757,0.9,1.4,31,31,4.1,5.1,1.8,2.6,1.6,5.1,0.401,0.487,0.535
Demetrius Jackson,2017-18,23,HOU,0.7,0.9,0.4,5.3,0,0.1,0.5,0,1.2,0.5,,0.3,0.8,12,0,0.3,0.5,0,0,0.3,0.6,0.286,0.286,0.286
Dennis Schroder,2017-18,24,ATL,19.9,3,6.7,32.2,3.5,0,2.1,0.313,17.4,0.489,0.855,1.1,2.5,31,31,7.8,3.7,1.2,3,0.7,2.4,0.452,0.485,0.525
Dennis Smith,2017-18,20,DAL,13.4,3.9,4,27.6,2.2,0.3,2.1,0.304,13.6,0.428,0.661,0.8,2.7,28,28,5.3,4.5,1.4,1.5,0.8,3.1,0.387,0.437,0.458
Denzel Valentine,2017-18,24,CHI,9.5,5.2,2.8,28.5,0.5,0.1,2.1,0.401,8.8,0.427,0.765,0.8,1,34,23,3.6,4.6,1.9,0.4,0.7,4.5,0.413,0.518,0.527
Derrick Favors,2017-18,26,UTA,12.4,6.6,1.5,27.5,2.9,0.9,2.3,0.263,9.2,0.568,0.727,0.6,1.3,34,34,5.1,0.6,0.1,2.1,2.5,4.1,0.55,0.558,0.59
Derrick Jones,2017-18,20,PHO,1.5,0.7,0.5,5.5,1,0.7,0.3,0,0.7,1,0.833,0.2,0.2,6,0,0.3,0.3,0,0.8,0.3,0.3,0.5,0.5,0.678
Derrick Rose,2017-18,29,CLE,14.3,2.6,1.7,26.9,3,0.1,1.6,0.231,11.9,0.514,0.905,0.3,2.7,7,7,5.6,1.9,0.4,2.7,1,1.6,0.47,0.488,0.542
Derrick Walton,2017-18,22,MIA,2,0.6,1.3,7.9,0.4,0.1,0.3,0.5,1.3,0.25,1,0.1,0.2,9,0,0.6,0.9,0.4,0.4,0,0.6,0.417,0.583,0.654
Derrick White,2017-18,23,SAS,1.3,1.3,0.4,6.7,0.9,0.3,0.7,,1,0.429,0.5,0.4,0.4,7,0,0.4,0,0,0.4,0.3,1,0.429,0.429,0.467
Devin Booker,2017-18,21,PHO,24.6,4.5,4.2,34,5.8,0.3,3.1,0.38,18.9,0.491,0.873,0.9,3.2,26,26,8.5,6.6,2.5,5,0.5,4,0.452,0.518,0.575
Devin Harris,2017-18,34,DAL,8.3,2,2,18.6,2.7,0.2,2.5,0.325,6.4,0.466,0.838,0.9,1.1,30,1,2.6,2.6,0.8,2.2,0.3,1.7,0.409,0.474,0.548
Dewayne Dedmon,2017-18,28,ATL,11.1,7.8,1.4,24.4,1.6,0.9,3,0.483,7.7,0.629,0.719,0.4,1.8,20,20,4.6,1.5,0.7,1.2,2,5.8,0.601,0.647,0.661
Deyonta Davis,2017-18,21,MEM,4,3,0.4,11.1,0.7,0.7,1.7,,2.8,0.623,0.733,0.3,0.5,22,0,1.7,0,0,0.5,0.9,2.2,0.623,0.623,0.643
Dillon Brooks,2017-18,22,MEM,7.9,2.9,1.1,28,1.1,0.4,3.3,0.368,6.8,0.5,0.75,0.8,1.2,35,27,3.1,2.5,0.9,0.9,0.5,2.4,0.451,0.519,0.542
Dion Waiters,2017-18,26,MIA,14.3,2.6,3.8,30.6,2.3,0.3,2,0.306,13.7,0.463,0.739,0.8,2.3,30,30,5.4,5.7,1.7,1.7,0.3,2.3,0.398,0.461,0.487
Dirk Nowitzki,2017-18,39,DAL,12.1,5.5,1.8,25.4,1.3,0.4,1.7,0.424,9.9,0.495,0.913,0.5,0.8,36,36,4.6,4,1.7,1.2,0.4,5.1,0.466,0.552,0.578
Domantas Sabonis,2017-18,21,IND,11.7,8.1,2.2,23.9,3.3,0.4,3,0.385,8.5,0.539,0.743,0.4,2,33,8,4.5,0.4,0.2,2.5,2.5,5.5,0.532,0.541,0.585
Donovan Mitchell,2017-18,21,UTA,17.9,3.2,3.4,30.5,2.7,0.4,3.2,0.357,15.4,0.486,0.849,1.5,2.5,34,26,6.7,6.1,2.2,2.3,0.5,2.7,0.435,0.506,0.539
Dorian Finney-Smith,2017-18,24,DAL,3.3,1.3,0.6,11.8,0.3,0.1,1.6,0.357,2.8,0.625,0.5,0,0.9,8,1,1.3,1.8,0.6,0.1,0.6,0.6,0.455,0.568,0.568
Doug McDermott,2017-18,26,NYK,8.3,2.7,1,24.4,0.9,0.3,1.6,0.415,6.9,0.514,0.724,0.2,0.7,34,1,3.3,2.8,1.1,0.6,0.6,2.1,0.474,0.558,0.571
Dragan Bender,2017-18,20,PHO,5.4,3.2,0.9,21.2,0.6,0.6,1.5,0.357,5.1,0.373,0.75,0.3,0.9,36,1,1.9,3.5,1.3,0.4,0.4,2.8,0.362,0.484,0.501
Draymond Green,2017-18,27,GSW,10.4,7.5,7.4,32.2,2.4,1.3,2.7,0.324,8,0.574,0.768,1.6,2.9,29,29,3.7,3.8,1.2,1.8,1,6.4,0.455,0.532,0.571
Dwayne Bacon,2017-18,22,CHO,3.6,3.1,0.7,15.9,0.5,0.1,1.3,0.333,3.9,0.388,0.714,0.3,0.5,28,6,1.5,1.1,0.4,0.4,0,3,0.373,0.418,0.439
Dwight Buycks,2017-18,28,DET,0,0,0,2,0,0,0,,0,,,0,0,1,0,0,0,0,0,0,0,,,
Dwight Howard,2017-18,32,CHO,15.5,12.4,1.3,29.6,7.7,1.3,3.4,0,10.6,0.536,0.538,0.5,3.3,34,34,5.7,0,0,4.1,3.6,8.8,0.535,0.535,0.553
Dwight Powell,2017-18,26,DAL,6.7,4.9,0.9,18.1,1.5,0.4,2,0.244,4.8,0.648,0.698,0.7,0.7,35,0,2.7,1.2,0.3,1.1,1.5,3.4,0.55,0.58,0.606
Dwyane Wade,2017-18,36,CLE,11.2,3.6,3.9,23.7,2.9,0.8,1.8,0.362,9.6,0.464,0.71,1,2,32,3,4.3,1.5,0.5,2.1,0.7,2.9,0.448,0.476,0.514
Ed Davis,2017-18,28,POR,5,7,0.4,18.1,1.6,0.6,2.2,,3.8,0.508,0.667,0.5,0.9,33,0,1.9,0,0,1.1,2.5,4.5,0.508,0.508,0.548
Ekpe Udoh,2017-18,30,UTA,2.8,2.6,1.2,16.1,1.1,1.3,2.2,,2.1,0.471,0.75,0.7,0.4,33,2,1,0,0,0.8,1.1,1.5,0.471,0.471,0.543
Elfrid Payton,2017-18,23,ORL,12.3,3.9,6.4,28.8,2.3,0.3,2.3,0.364,10.2,0.543,0.559,1.3,2.5,26,26,5.2,1.7,0.6,1.3,1.1,2.8,0.513,0.543,0.552
Emmanuel Mudiay,2017-18,21,DEN,9.5,2.5,3.1,20.4,2.3,0.1,1.2,0.405,8.2,0.393,0.797,0.5,2.1,30,0,3.3,2.8,1.1,1.8,0.4,2.1,0.397,0.466,0.514
Enes Kanter,2017-18,25,NYK,13.8,10.5,1.4,25.9,2.2,0.5,2.4,0,9.9,0.6,0.884,0.6,1.6,31,31,5.9,0.1,0,2,3.8,6.7,0.596,0.596,0.633
Eric Bledsoe,2017-18,28,,18,3.9,4.4,31.4,5.2,0.7,2.3,0.306,14,0.529,0.738,1.8,3,25,25,6.3,5,1.5,3.8,0.8,3.1,0.45,0.504,0.551
Eric Gordon,2017-18,29,HOU,19.5,2.1,2,32,4.6,0.4,1.9,0.351,14.7,0.551,0.832,0.6,2.3,30,15,6.2,9.4,3.3,3.8,0.3,1.8,0.423,0.535,0.585
Eric Moreland,2017-18,26,DET,1.4,3.6,0.9,11.4,0.3,0.7,2,,1.2,0.5,0.4,0.4,0.5,29,0,0.6,0,0,0.1,1.3,2.2,0.5,0.5,0.495
Ersan Ilyasova,2017-18,30,ATL,11.1,4.7,1.2,24.7,1.9,0.3,2.3,0.409,8.7,0.514,0.791,1,0.8,23,17,4,3.8,1.6,1.5,1.6,3.1,0.467,0.558,0.587
E'Twaun Moore,2017-18,28,NOP,13.2,2.7,2,32.2,0.7,0.1,2.4,0.474,10.2,0.58,0.522,1,1.2,34,32,5.5,4,1.9,0.4,0.8,1.9,0.539,0.631,0.63
Evan Fournier,2017-18,25,ORL,18.2,3.2,3,32.4,3.1,0.3,2.4,0.414,13.9,0.52,0.869,1,2,27,27,6.6,5.4,2.2,2.7,0.5,2.7,0.479,0.559,0.597
Evan Turner,2017-18,29,POR,7.8,3.7,2.3,26.5,1.6,0.4,2.2,0.222,7.3,0.469,0.846,0.7,1.6,33,10,3.1,1.4,0.3,1.3,0.4,3.3,0.423,0.444,0.489
Frank Kaminsky,2017-18,24,CHO,10.6,3.8,1.4,22.9,2,0.3,1.3,0.343,9.3,0.475,0.762,0.4,0.7,31,0,4,3.4,1.2,1.5,0.6,3.3,0.427,0.49,0.523
Frank Mason,2017-18,23,SAC,7.7,2.1,2.9,18.5,2.1,0.1,1,0.415,7,0.376,0.772,0.5,1.4,27,1,2.7,1.5,0.6,1.6,0.5,1.7,0.384,0.429,0.481
Frank Ntilikina,2017-18,19,NYK,5.8,2.2,3.2,20.8,1,0.1,2.6,0.322,6.1,0.382,0.719,1.3,1.9,31,0,2.2,1.9,0.6,0.7,0.4,1.7,0.363,0.413,0.441
Fred VanVleet,2017-18,23,TOR,5.9,2,2.9,17.7,0.8,0.2,1.6,0.333,5.7,0.421,0.857,0.8,0.8,33,0,2.2,2.5,0.8,0.7,0.3,1.8,0.383,0.455,0.487
Furkan Korkmaz,2017-18,20,PHI,1.5,1,0.3,5.3,0.3,0,0.7,0.125,2,0.5,1,0.2,0.2,6,0,0.5,1.3,0.2,0.3,0.3,0.7,0.25,0.292,0.349
Garrett Temple,2017-18,31,SAC,7.8,2.4,1.6,25.1,1.3,0.6,2.2,0.359,7.4,0.388,0.738,0.9,1,33,27,2.8,3.9,1.4,0.9,0.3,2.1,0.373,0.467,0.493
Gary Harris,2017-18,23,DEN,16,2.8,3.3,34.6,1.9,0.3,1.9,0.378,12.9,0.558,0.79,1.8,1.9,32,32,6.1,5.9,2.2,1.5,0.7,2.1,0.476,0.562,0.583
Gary Payton,2017-18,25,MIL,2.5,1.4,0.8,8.8,0.3,0.1,1.4,0.167,2.8,0.524,0.667,0.3,0.3,12,6,1.1,1,0.2,0.2,0.3,1.1,0.394,0.424,0.437
George Hill,2017-18,31,SAC,10.1,3.1,2.8,27,1.9,0.3,1.6,0.482,7.7,0.469,0.772,0.9,1.4,30,30,3.6,2.8,1.3,1.5,0.5,2.6,0.474,0.561,0.592
Georgios Papagiannis,2017-18,20,SAC,3.1,2.3,0.3,7.7,0,0.4,0.7,,2.7,0.579,,0.3,0.3,7,0,1.6,0,0,0,0.9,1.4,0.579,0.579,0.579
Gian Clavell,2017-18,24,DAL,2.9,1,0.4,9.1,0.3,0,1.1,0.4,2.6,0,1,0.3,0.3,7,0,0.9,2.1,0.9,0.3,0.1,0.9,0.333,0.5,0.53
Giannis Antetokounmpo,2017-18,23,MIL,29.5,10.4,4.6,37.9,9.6,1.4,3.3,0.273,19.8,0.572,0.777,1.8,2.8,30,30,10.8,1.8,0.5,7.4,2.2,8.2,0.545,0.557,0.614
Goran Dragic,2017-18,31,MIA,16.4,4,4.4,31.3,3.7,0.2,2.2,0.365,13.8,0.465,0.763,0.9,2.4,31,31,6,4.1,1.5,2.8,0.7,3.3,0.436,0.49,0.529
Gordon Hayward,2017-18,27,BOS,2,1,0,5,0,0,1,0,2,1,,0,0,1,1,1,1,0,0,0,1,0.5,0.5,0.5
Gorgui Dieng,2017-18,28,MIN,6.2,4.8,1.3,18,1.6,0.3,2,0.281,5,0.52,0.765,0.8,0.9,32,0,2.3,1,0.3,1.2,1.4,3.4,0.472,0.5,0.546
Greg Monroe,2017-18,27,,9.9,7.4,2.2,21.2,1.8,0.3,1.8,,7.6,0.574,0.697,0.6,1.6,18,10,4.3,0,0,1.3,2.2,5.2,0.574,0.574,0.595
Guerschon Yabusele,2017-18,22,BOS,1.9,1.5,0.3,5.1,0.1,0.1,0.8,0.438,1.6,0.375,1,0,0.3,15,0,0.7,1.1,0.5,0.1,0.6,0.9,0.417,0.563,0.583
Harrison Barnes,2017-18,25,DAL,18.4,6.8,2.1,34.7,4.4,0.1,1.4,0.328,15.4,0.481,0.816,0.7,1.7,36,36,6.8,3.6,1.2,3.6,1.2,5.6,0.445,0.484,0.533
Hassan Whiteside,2017-18,28,MIA,14.4,12.4,0.4,26.3,3.4,1.5,2.1,1,10.5,0.566,0.685,0.9,1.5,16,16,6,0.1,0.1,2.3,2.8,9.7,0.571,0.577,0.602
Henry Ellenson,2017-18,21,DET,3.8,2.1,0.5,7.7,0.1,0,0.6,0.381,3.8,0.414,1,0.2,0.6,13,0,1.5,1.6,0.6,0.1,0.2,1.8,0.4,0.48,0.486
Ian Clark,2017-18,26,NOP,5.4,1.4,1.3,15.5,0.7,0.1,1.2,0.365,5,0.424,0.684,0.4,0.6,28,1,2,2.6,1,0.5,0.1,1.3,0.393,0.489,0.506
Ian Mahinmi,2017-18,31,WAS,3.8,3.7,0.8,14.9,1.5,0.4,3.1,,2.6,0.506,0.75,0.5,1.2,33,0,1.3,0,0,1.1,1.8,1.9,0.506,0.506,0.573
Ike Anigbogu,2017-18,19,IND,0.7,0.7,0,2.8,0.3,0.2,0.2,,0.8,0.2,1,0.2,0.3,6,0,0.2,0,0,0.3,0.3,0.3,0.2,0.2,0.34
Iman Shumpert,2017-18,27,CLE,4.8,3.1,1.3,20.8,1.2,0.4,1.5,0.28,4.4,0.469,0.733,0.7,1.3,13,6,1.7,1.9,0.5,0.8,0.5,2.5,0.386,0.447,0.487
Isaiah Canaan,2017-18,26,,10.1,2.3,4.7,22,4,0,1.4,0.4,6.7,0.37,0.964,1.1,1.7,7,0,2.6,2.9,1.1,3.9,0,2.3,0.383,0.468,0.598
Isaiah Taylor,2017-18,23,ATL,5.2,1.5,2.3,15.5,1.8,0.3,1.3,0.267,4.7,0.448,0.646,0.6,1,27,0,1.9,1.1,0.3,1.1,0.3,1.2,0.405,0.437,0.479
Isaiah Whitehead,2017-18,22,BRK,7.6,2,1.8,14.2,1.7,0.2,1.6,0.417,6.3,0.49,0.647,0.7,2.2,10,0,3,1.2,0.5,1.1,0.3,1.7,0.476,0.516,0.539
Ish Smith,2017-18,29,DET,8.9,2.3,3.9,20.1,1,0.2,1.5,0.2,8.7,0.489,0.656,0.4,1.2,33,0,4.1,0.6,0.1,0.6,0.4,1.9,0.469,0.476,0.488
Ivan Rabb,2017-18,20,MEM,0.7,0.3,0.3,1.7,0,0,0,,1,0.333,,0,0,3,0,0.3,0,0,0,0.3,0,0.333,0.333,0.333
Ivica Zubac,2017-18,20,LAL,0.7,0.7,0,2.3,0,0,0.3,,0.8,0.4,,0,0.3,6,0,0.3,0,0,0,0.3,0.3,0.4,0.4,0.4
J.J. Barea,2017-18,33,DAL,12,3,5.8,22.9,1.6,0,1.4,0.382,10.1,0.492,0.763,0.6,2.1,36,1,4.5,4.7,1.8,1.3,0.2,2.8,0.441,0.53,0.552
J.J. Redick,2017-18,33,PHI,16.8,2.8,3.4,33.5,2.9,0.1,2.2,0.392,13,0.484,0.953,0.6,1.6,29,29,5.7,6.7,2.6,2.8,0.2,2.6,0.437,0.537,0.586
J.R. Smith,2017-18,32,CLE,7.9,3.2,2.2,30.3,0.6,0.1,2.4,0.36,7.4,0.438,0.571,1.1,1,34,31,2.8,5.2,1.9,0.4,0.4,2.7,0.382,0.51,0.515
Jabari Bird,2017-18,23,BOS,1.7,0.7,0.3,7,1.7,0,0.3,0,1.3,0.5,0.6,0.3,0,3,0,0.3,0.7,0,1,0,0.7,0.25,0.25,0.403
Jack Cooley,2017-18,26,SAC,2,1,1,2,2,0,0,,1,0,1,0,0,1,0,0,0,0,2,0,1,0,0,0.532
Jacob Pullen,2017-18,28,PHI,0.7,0,0,2,0,0,0,0,0.7,1,,0,0.3,3,0,0.3,0.3,0,0,0,0,0.5,0.5,0.5
Jacob Wiley,2017-18,23,BRK,0.8,2.2,0.4,6.6,0.4,0,0.8,0.5,0.8,0,0.5,0.2,0,5,0,0.2,0.4,0.2,0.2,0.4,1.8,0.25,0.375,0.41
Jae Crowder,2017-18,27,CLE,8.7,3.1,1,26.1,1.9,0.2,2.3,0.318,7.3,0.492,0.908,0.7,0.8,35,32,2.9,3.7,1.2,1.7,0.9,2.3,0.404,0.484,0.539
Jahlil Okafor,2017-18,22,,6.7,4.3,0.3,16,1.3,0.7,3,0,6.7,0.5,0.5,0.3,1.7,3,0,3,0.7,0,0.7,1.7,2.7,0.45,0.45,0.46
JaKarr Sampson,2017-18,24,SAC,5,5,0.3,17,0.3,0.7,2.8,0.667,3.7,0.579,1,0.3,0.3,6,2,2.2,0.5,0.3,0.3,1.3,3.7,0.591,0.636,0.656
Jake Layman,2017-18,23,POR,1.6,0.8,0.3,6.6,0.1,0.1,0.8,0.182,2.1,0.389,1,0.2,0.1,14,1,0.6,0.8,0.1,0.1,0.1,0.6,0.31,0.345,0.368
Jakob Poeltl,2017-18,22,TOR,7.3,4.6,0.4,17.4,1.5,1.2,2.5,0.5,4.8,0.679,0.51,0.4,0.8,33,0,3.2,0.1,0,0.8,2.1,2.5,0.677,0.68,0.668
Jalen Jones,2017-18,24,NOP,1.3,0.8,0,4.8,0.5,0,0.5,1,1,0,1,0,0,4,0,0.3,0.3,0.3,0.5,0,0.8,0.25,0.375,0.512
Jamal Crawford,2017-18,37,MIN,10,1,2.3,18.5,1.6,0.1,1.1,0.349,8.5,0.482,0.947,0.5,1.2,35,0,3.6,3.6,1.3,1.5,0.2,0.9,0.426,0.5,0.545
Jamal Murray,2017-18,20,DEN,15.3,3.4,2.7,28.5,2.7,0.2,1.9,0.358,12.5,0.496,0.926,0.9,2,35,35,5.5,4.9,1.8,2.5,1.1,2.3,0.442,0.513,0.559
Jameer Nelson,2017-18,35,NOP,5.6,2.5,4.1,24,0.6,0.1,1.8,0.385,4.9,0.457,0.765,0.7,1.6,30,0,2.1,2.6,1,0.4,0.2,2.3,0.419,0.52,0.537
Jamel Artis,2017-18,25,ORL,1.8,1.4,0.8,11,0.6,0,0,0,3.4,0.333,0.333,0,0,5,0,0.8,1,0,0.2,0.2,1.2,0.235,0.235,0.246
James Ennis,2017-18,27,MEM,6.7,3.5,1.1,23.3,1.5,0.2,1.8,0.328,4.7,0.617,0.902,0.6,1,33,14,2.4,1.8,0.6,1.4,1.2,2.3,0.503,0.568,0.626
James Harden,2017-18,28,HOU,32.4,5.2,9.2,36.3,10.2,0.5,2.7,0.394,21.3,0.519,0.865,1.8,4.4,32,32,9.7,10.8,4.3,8.8,0.5,4.7,0.456,0.556,0.63
James Johnson,2017-18,30,MIA,10.8,5,4,26.8,2.4,0.8,2.8,0.333,8.2,0.572,0.704,1,2.3,29,11,4.1,2.5,0.8,1.7,0.8,4.2,0.5,0.55,0.579
James Michael McAdoo,2017-18,25,PHI,2.5,0,0,5.5,1,0.5,0,0.2,2.5,,1,0,0.5,2,0,0.5,2.5,0.5,1,0,0,0.2,0.3,0.425
Jamil Wilson,2017-18,27,LAC,7,2.1,0.7,18.3,0.3,0.5,2.3,0.429,5.4,0.611,0.5,0.3,0.5,15,10,2.5,4.2,1.8,0.1,0.2,1.9,0.469,0.636,0.634
JaMychal Green,2017-18,27,MEM,9.7,6.6,1.2,28,1.7,0.2,2.6,0.354,8,0.527,0.706,0.5,1.7,20,20,3.8,2.4,0.9,1.2,2.1,4.5,0.475,0.528,0.552
Jared Dudley,2017-18,32,PHO,3.6,2.4,1.9,13.8,0.8,0.1,1.9,0.417,2.6,0.462,0.818,0.5,0.5,14,0,1.1,1.7,0.7,0.6,0.4,2,0.432,0.568,0.609
Jarell Martin,2017-18,23,MEM,5,3.4,0.4,17.1,1.2,0.8,2.5,0.265,4.6,0.454,0.816,0.5,0.8,33,13,1.9,1,0.3,0.9,1.2,2.2,0.412,0.441,0.489
Jarrett Allen,2017-18,19,BRK,5.4,4.1,0.4,16.9,1.3,1,1.9,0.4,4.4,0.495,0.781,0.5,0.6,25,0,2.2,0.2,0.1,1,1.7,2.4,0.491,0.5,0.544
Jarrett Jack,2017-18,34,NYK,6.8,3.5,6,25.9,1,0,1.6,0.297,6.5,0.462,0.758,0.6,1.9,32,31,2.8,1.2,0.3,0.8,0.3,3.2,0.433,0.459,0.485
Jason Smith,2017-18,31,WAS,3.2,2,0.2,10.2,0.6,0.5,1.9,0.053,4,0.439,1,0.1,0.6,15,2,1.3,1.3,0.1,0.6,0.9,1.1,0.317,0.325,0.375
Jason Terry,2017-18,40,MIL,1.5,0.9,0.6,11.1,0.2,0.4,0.7,0.083,1.9,0.714,1,0.7,0.4,10,0,0.6,1.2,0.1,0.2,0,0.9,0.316,0.342,0.377
JaVale McGee,2017-18,30,GSW,3.8,1.9,0.5,8,0.6,0.7,1.2,0,2.7,0.64,0.778,0.3,0.4,29,4,1.7,0.1,0,0.5,0.7,1.2,0.608,0.608,0.633
Jawun Evans,2017-18,21,LAC,5.5,1.6,1.9,16.5,1.3,0.1,2,0.282,5.8,0.372,0.788,0.7,1.2,26,0,2,1.5,0.4,1,0.1,1.5,0.349,0.385,0.429
Jaylen Brown,2017-18,21,BOS,14.5,5.8,1.2,31.2,3.5,0.4,2.9,0.401,11.2,0.526,0.575,1.1,1.7,34,34,5.3,4.5,1.8,2,1,4.7,0.476,0.557,0.568
Jayson Tatum,2017-18,19,BOS,14.1,5.6,1.4,30.9,3.7,0.8,2.2,0.487,9.3,0.527,0.831,0.9,1.3,38,38,4.8,3,1.5,3.1,0.8,4.8,0.514,0.594,0.647
Jeff Green,2017-18,31,CLE,10.5,3.4,1.4,22.2,2.8,0.3,1.9,0.323,7.6,0.549,0.856,0.6,1,35,0,3.8,1.8,0.6,2.4,0.9,2.6,0.496,0.534,0.594
Jeff Teague,2017-18,29,MIN,13.4,3.1,7.3,34.2,2.6,0.4,2.6,0.375,11,0.483,0.825,1.5,3,31,31,4.9,3.6,1.4,2.1,0.4,2.7,0.447,0.509,0.549
Jeff Withey,2017-18,27,DAL,1.5,1,0,3.9,0.2,0.3,0.3,0.2,1.6,0.667,0.5,0,0.2,10,0,0.6,1,0.2,0.1,0.1,0.9,0.375,0.438,0.444
Jerami Grant,2017-18,23,OKC,7.8,3.6,0.8,21.1,2.6,0.9,2.1,0.271,5.6,0.589,0.67,0.6,0.9,34,1,2.8,1.4,0.4,1.7,1.1,2.5,0.508,0.542,0.58
Jeremy Lamb,2017-18,25,CHO,14.5,4.7,2.5,26.8,3.5,0.4,1.8,0.355,11.5,0.483,0.871,0.7,1.4,33,14,5.2,3.3,1.2,3.1,0.5,4.2,0.446,0.497,0.556
Jeremy Lin,2017-18,29,BRK,18,0,4,25,7,0,3,0.5,12,0.4,1,0,3,1,1,5,2,1,7,0,0,0.417,0.458,0.597
Jerian Grant,2017-18,25,CHI,8.6,2.4,4.9,22.5,2.4,0.1,1.9,0.337,6.9,0.503,0.704,0.9,1.3,34,14,3.1,2.4,0.8,1.7,0.4,1.9,0.444,0.504,0.543
Jerryd Bayless,2017-18,29,PHI,9.2,2.3,1.6,26.1,1.6,0.2,2.6,0.366,7.7,0.464,0.795,0.7,1.3,27,10,3.1,4.6,1.7,1.3,0.3,2,0.406,0.514,0.548
Jimmy Butler,2017-18,28,MIN,21.2,5.5,4.8,37.5,5.8,0.3,1.3,0.339,15.9,0.506,0.87,1.8,1.8,33,33,7.5,3.5,1.2,5.1,1.2,4.2,0.47,0.507,0.574
Joakim Noah,2017-18,32,NYK,1.5,2.3,0.8,5.3,1,0.5,0.3,,1.3,0.4,0.5,0.5,0.5,4,0,0.5,0,0,0.5,1.3,1,0.4,0.4,0.444
Jodie Meeks,2017-18,30,WAS,6.7,1.6,0.8,16.7,1.9,0,1,0.304,5.8,0.41,0.896,0.5,0.5,35,0,2.1,2.9,0.9,1.7,0.2,1.4,0.356,0.433,0.508
Joe Harris,2017-18,26,BRK,9.5,2.7,1.5,24.1,0.9,0.2,2,0.353,7.9,0.624,0.724,0.5,0.9,32,4,3.5,5.2,1.8,0.7,0.5,2.3,0.444,0.562,0.574
Joe Ingles,2017-18,30,UTA,9.9,4.4,4.2,30.3,0.6,0.1,2,0.439,8,0.433,0.773,0.9,1.7,36,36,3.5,5.5,2.4,0.5,0.3,4.1,0.438,0.589,0.598
Joe Johnson,2017-18,36,UTA,6.1,2.7,1.4,20.3,0.9,0.1,1.1,0.167,6.6,0.492,0.846,0.3,1.1,15,3,2.5,2.4,0.4,0.7,0.5,2.3,0.374,0.404,0.434
Joe Young,2017-18,25,IND,2.8,0.6,0.5,6.6,0.6,0,0.4,0.267,2.5,0.531,0.636,0.1,0.3,19,0,1.1,0.8,0.2,0.4,0.2,0.5,0.447,0.489,0.511
Joel Bolomboy,2017-18,24,MIL,1.5,1.7,0,6.3,1,0,0.5,0,1,0.6,0.5,0.3,0.3,6,0,0.5,0.2,0,0.5,1,0.7,0.5,0.5,0.521
Joel Embiid,2017-18,23,PHI,23.8,11.1,3.4,31.2,8.2,2,3.5,0.279,16.9,0.525,0.809,0.6,4.1,25,25,8.2,2.7,0.8,6.6,2.3,8.8,0.486,0.508,0.58
Joffrey Lauvergne,2017-18,26,SAS,4.4,3.2,0.7,11.1,1,0,1.2,0,3.8,0.528,0.6,0.3,0.8,20,1,1.9,0.2,0,0.6,1.3,2,0.507,0.507,0.525
John Collins,2017-18,20,ATL,11.5,7.1,1,23,2.5,1,3.2,0,7.9,0.623,0.71,0.6,1.4,28,4,4.9,0.1,0,1.8,2.9,4.2,0.617,0.617,0.64
John Henson,2017-18,27,MIL,8,6.6,1.3,23.8,2.2,1.5,2.8,0,5.8,0.599,0.515,0.5,1.2,31,24,3.4,0.1,0,1.1,1.8,4.8,0.592,0.592,0.591
John Holland,2017-18,29,CLE,0.8,0.5,0,4.3,0,0,0,0.5,1,0,,0,0.3,4,0,0.3,0.5,0.3,0,0,0.5,0.25,0.375,0.375
John Wall,2017-18,27,WAS,18.2,3.7,8.9,33,6.1,1,2,0.323,15.4,0.442,0.701,1,3,24,24,6.3,3.9,1.3,4.3,0.5,3.2,0.412,0.453,0.504
Johnathan Motley,2017-18,22,DAL,4,1,0,2,4,1,0,,1,1,0.5,0,0,1,0,1,0,0,2,0,1,1,1,0.725
Johnny O'Bryant,2017-18,24,CHO,4.8,2.8,0.5,10.1,0.8,0.2,1,0.273,4.9,0.421,0.813,0.4,0.5,20,0,1.9,1.1,0.3,0.7,0.9,1.9,0.388,0.418,0.452
Jon Leuer,2017-18,28,DET,5.4,4,0.6,17,1.9,0.4,2,0,4.5,0.455,0.867,0.1,1,8,0,1.9,0.4,0,1.6,0.9,3.1,0.417,0.417,0.505
Jonas Jerebko,2017-18,30,UTA,6.6,3.9,0.7,17.8,0.8,0.2,2.1,0.437,5.1,0.512,0.913,0.5,0.4,30,13,2.4,2.4,1,0.7,1.1,2.8,0.477,0.578,0.607
Jonas Valanciunas,2017-18,25,TOR,11,7.6,0.6,21.1,2.9,0.6,2.7,0.333,7.7,0.559,0.857,0.4,1.3,29,29,4.2,0.4,0.1,2.5,2.2,5.4,0.547,0.556,0.615
Jonathan Isaac,2017-18,20,ORL,5.3,3.7,0.7,18.9,1.2,1,1.7,0.278,4.9,0.446,0.778,0.7,1,15,2,2,1.2,0.3,0.9,0.8,2.9,0.405,0.439,0.482
Jonathon Simmons,2017-18,28,ORL,15,3.8,2.1,28.9,3.5,0.2,2.6,0.317,12,0.527,0.742,0.7,2.3,35,16,5.7,3,0.9,2.6,0.9,2.9,0.475,0.514,0.552
Jordan Bell,2017-18,23,GSW,5.2,4,1.9,14.4,0.5,1.1,2,0,3.6,0.689,0.667,0.7,1,29,9,2.4,0,0,0.3,1.4,2.6,0.683,0.683,0.687
Jordan Clarkson,2017-18,25,LAL,14.3,2.9,3.1,22.9,2.3,0,1.3,0.35,12.4,0.497,0.766,0.7,1.7,33,2,5.6,3.6,1.3,1.8,0.9,2,0.453,0.505,0.533
Jordan Crawford,2017-18,29,NOP,9,1.5,4.5,18.5,0,0.5,3,0.8,7,0.333,,0,2,2,0,3.5,2.5,2,0,1,0.5,0.5,0.643,0.643
Jordan Mickey,2017-18,23,MIA,5,4.7,0.7,14.8,1.1,0.5,2.2,0.111,4.3,0.553,0.714,0.2,1,13,2,2.1,0.7,0.1,0.8,1,3.7,0.482,0.491,0.523
Jose Calderon,2017-18,36,CLE,4.5,1.5,2.1,17.9,0.5,0,1.5,0.49,3.2,0.486,0.846,0.6,0.7,26,20,1.6,1.9,0.9,0.4,0.2,1.3,0.488,0.631,0.652
Josh Hart,2017-18,22,LAL,4.6,3.1,0.8,17.5,0.8,0.2,1.3,0.346,4,0.475,0.727,0.7,0.5,28,4,1.7,1.9,0.6,0.6,0.5,2.6,0.416,0.496,0.522
Josh Huestis,2017-18,26,OKC,2.7,1.9,0.3,12.8,0.3,0.6,1.4,0.346,2.7,0.44,0.333,0.3,0.6,29,0,1,1.8,0.6,0.1,0.5,1.3,0.377,0.494,0.488
Josh Jackson,2017-18,20,PHO,9.3,3.6,1.1,22.2,3.2,0.3,2.8,0.244,9,0.433,0.561,0.9,1.8,36,13,3.4,2.4,0.6,1.8,1,2.6,0.383,0.415,0.445
Josh Magette,2017-18,28,ATL,1.6,0.8,2.1,8,0.5,0,0.8,0.25,1.5,0.375,1,0.3,0.3,8,0,0.5,0.5,0.1,0.5,0.1,0.6,0.333,0.375,0.472
Josh Richardson,2017-18,24,MIA,12.2,3.3,2.2,33.3,1.5,0.8,2.8,0.344,10.3,0.545,0.827,1.2,2,34,34,4.6,4.8,1.6,1.3,0.8,2.6,0.451,0.531,0.556
Josh Smith,2017-18,32,NOP,0.7,1.3,0,4,0,0,1,,1.3,0.25,,0,0,3,0,0.3,0,0,0,1,0.3,0.25,0.25,0.25
Jrue Holiday,2017-18,27,NOP,18.1,4.3,5.3,36.5,2.4,0.6,2.2,0.341,14.8,0.563,0.827,1.4,2.6,34,34,7.2,5,1.7,2,0.6,3.7,0.488,0.546,0.572
Juan Hernangomez,2017-18,22,DEN,3.3,2.4,0.5,12.2,0.5,0.1,1.1,0.314,3,0.5,0.778,0.2,0.4,17,3,1.1,2.1,0.6,0.4,0.8,1.6,0.373,0.48,0.509
Julius Randle,2017-18,23,LAL,12.5,6.3,1.8,22,4.2,0.8,3.4,0.259,8.7,0.582,0.65,0.4,2.1,33,0,4.8,0.8,0.2,2.7,1.5,4.8,0.552,0.564,0.594
Julyan Stone,2017-18,29,CHO,1.5,1.5,1.8,6.3,0,0.3,1.3,0.5,1,,,0.5,1,4,0,0.5,1,0.5,0,0,1.5,0.5,0.75,0.75
Justin Anderson,2017-18,24,PHI,5,2.7,0.3,12.6,0.7,0.1,1.9,0.346,4.8,0.409,0.714,0.3,0.4,10,0,1.8,2.6,0.9,0.5,1,1.7,0.375,0.469,0.489
Justin Holiday,2017-18,28,CHI,13.4,4.6,2.3,33.5,2.4,0.6,1.9,0.364,12.2,0.38,0.795,1.2,1.3,33,33,4.5,6.6,2.4,1.9,0.5,4,0.371,0.469,0.503
Justin Jackson,2017-18,22,SAC,5.5,1.8,0.6,18,0.4,0.2,1.1,0.318,5.6,0.459,0.636,0.2,0.6,25,5,2.2,2.6,0.8,0.3,0.4,1.5,0.393,0.468,0.476
Justise Winslow,2017-18,21,MIA,6.6,5.4,1.9,22.6,1,0.4,1.7,0.39,6.3,0.438,0.654,0.7,1,27,15,2.7,1.5,0.6,0.6,1,4.4,0.426,0.473,0.49
Jusuf Nurkic,2017-18,23,POR,14.5,7.4,1.8,27.2,4,1.2,3,0,13,0.465,0.636,0.6,2.9,30,30,6,0.2,0,2.6,1.7,5.7,0.458,0.458,0.49
Kadeem Allen,2017-18,25,BOS,1,0.7,0,2.7,1.3,0,0,0,0.7,,0.75,0,0.3,3,0,0,0.7,0,1,0.3,0.3,0,0,0.399
Karl-Anthony Towns,2017-18,22,MIN,20.3,11.7,2.1,35.8,4.6,1.5,3.6,0.398,14.3,0.573,0.831,0.9,2.2,35,35,7.5,3.7,1.5,3.8,2.9,8.8,0.528,0.579,0.624
Kawhi Leonard,2017-18,26,SAS,12.6,4.2,1.4,19,1.4,0.8,0.4,0.353,10.6,0.556,0.714,1,1,5,5,5.2,3.4,1.2,1,0.6,3.6,0.491,0.547,0.562
Kay Felder,2017-18,22,CHI,3.9,1,1.4,9.6,0.9,0.1,0.8,0.222,4.7,0.333,0.917,0.2,1.1,14,0,1.4,1.3,0.3,0.8,0.1,0.9,0.303,0.333,0.386
Kelly Olynyk,2017-18,26,MIA,10.1,5.6,2.1,22.7,2.1,0.5,3.2,0.455,7.1,0.545,0.75,0.9,2.1,34,12,3.6,2.9,1.3,1.6,1,4.6,0.508,0.601,0.63
Kelly Oubre,2017-18,22,WAS,11.5,5.1,1.1,27.7,2.7,0.5,2.7,0.377,9.3,0.452,0.819,0.9,1.1,35,8,3.9,3.9,1.5,2.2,0.7,4.3,0.42,0.5,0.549
Kemba Walker,2017-18,27,CHO,21.6,3.4,5.8,34.8,5.7,0.3,1.4,0.342,17.1,0.472,0.851,1.1,2.2,32,32,7.2,6.9,2.4,4.8,0.5,3,0.42,0.489,0.55
Kenneth Faried,2017-18,28,DEN,6.6,5.2,0.7,16,1.8,0.5,1.7,0,4.8,0.558,0.711,0.3,0.8,25,7,2.7,0,0,1.3,2.2,3,0.554,0.554,0.589
Kent Bazemore,2017-18,28,ATL,12.4,4.6,4,28.6,3.1,0.6,2.3,0.384,10.2,0.426,0.811,1.9,2.4,34,34,4.2,4.1,1.6,2.5,0.4,4.2,0.409,0.486,0.537
Kentavious Caldwell-Pope,2017-18,24,LAL,13.8,5.1,2.2,34.8,2.7,0.3,1.8,0.333,12.2,0.46,0.756,1.8,1.5,29,29,4.8,6.2,2.1,2,0.9,4.2,0.395,0.48,0.514
Kevin Durant,2017-18,29,GSW,26.1,7.1,5.1,34.6,5.5,2.3,2.3,0.382,18.7,0.566,0.884,0.8,3.4,30,30,9.4,6.4,2.4,4.8,0.6,6.5,0.504,0.569,0.619
Kevin Love,2017-18,29,CLE,20.2,10.2,1.9,29.6,5.3,0.4,2.2,0.415,13.8,0.516,0.884,0.7,1.9,34,34,6.6,5.7,2.4,4.7,2.4,7.8,0.474,0.56,0.624
Kevon Looney,2017-18,21,GSW,2.6,2.4,0.4,9.7,0.9,0.6,1.6,,1.9,0.547,0.538,0.3,0.5,28,0,1,0,0,0.5,0.9,1.5,0.547,0.547,0.559
Khem Birch,2017-18,25,ORL,0.8,0.4,0.2,2.4,0,0,0.6,,1,0.4,,0,0,5,0,0.4,0,0,0,0.4,0,0.4,0.4,0.4
Khris Middleton,2017-18,26,MIL,20.7,5.2,4.5,37.3,3.9,0.1,3.4,0.355,16.3,0.524,0.889,1.2,2.3,32,32,7.6,5.8,2.1,3.5,0.5,4.6,0.464,0.527,0.573
Klay Thompson,2017-18,27,GSW,20.6,4.2,2.5,34,1.4,0.6,1.7,0.45,16.4,0.514,0.9,0.7,1.8,35,35,8,7.5,3.4,1.3,0.5,3.7,0.485,0.588,0.604
Kobi Simmons,2017-18,20,MEM,2.3,2.3,1,14.1,0.3,0.4,1.7,0,3.1,0.412,1,0.6,0.4,7,0,1,0.7,0,0.3,0.4,1.9,0.318,0.318,0.35
Kosta Koufos,2017-18,28,SAC,5.1,5.7,1.3,18.3,1.3,0.5,1.7,,4.5,0.51,0.452,0.6,0.6,33,3,2.3,0,0,0.6,1.8,3.9,0.51,0.51,0.511
Kris Dunn,2017-18,23,CHI,13.2,4.6,5.9,28.6,1.9,0.4,3.3,0.329,12.8,0.457,0.672,2,2.9,30,21,5.6,2.3,0.8,1.3,0.6,4,0.434,0.464,0.482
Kristaps Porzingis,2017-18,22,NYK,24.5,6.6,1.2,32.1,6.2,2.1,2.6,0.374,19.6,0.471,0.832,0.6,2.2,28,28,8.8,5,1.9,5.1,1.3,5.4,0.446,0.494,0.549
Kyle Anderson,2017-18,24,SAS,8.4,5.7,2.8,26.8,2.2,0.7,1.4,0.385,6.4,0.522,0.75,1.1,1.3,27,24,3.3,0.5,0.2,1.7,1.2,4.5,0.512,0.526,0.57
Kyle Collinsworth,2017-18,26,DAL,1.3,0.7,0.7,7.3,0.7,0,0.3,1,0.7,0,0.5,0.3,0.3,3,0,0.3,0.3,0.3,0.3,0,0.7,0.5,0.75,0.694
Kyle Korver,2017-18,36,CLE,10.3,2,1.1,22.6,1.1,0.3,1.7,0.443,7.2,0.586,0.872,0.4,0.7,35,0,3.4,5.5,2.5,1,0.1,1.9,0.476,0.647,0.669
Kyle Kuzma,2017-18,22,LAL,17.8,6.8,1.7,32,3.2,0.3,2.1,0.394,13.9,0.532,0.757,0.5,1.9,32,16,6.7,5.2,2,2.4,1.7,5.1,0.481,0.554,0.582
Kyle Lowry,2017-18,31,TOR,16.1,6.2,7.1,32.7,3.5,0.1,2.2,0.39,11.9,0.479,0.895,1.2,2.6,33,33,5,7.5,2.9,3.1,0.8,5.4,0.423,0.546,0.599
Kyle O'Quinn,2017-18,27,NYK,6.4,5.9,2,16.5,1.6,1,2.7,0,4.5,0.597,0.732,0.4,1.4,34,3,2.6,0.1,0,1.2,1.5,4.4,0.578,0.578,0.613
Kyle Singler,2017-18,29,OKC,3,1,0,8,1.3,0,0.8,0.5,3,0.25,0.4,0,0.5,4,0,1,1,0.5,0.5,0,1,0.333,0.417,0.423
Kyrie Irving,2017-18,25,BOS,24.6,2.9,5,32.2,4.4,0.3,2.1,0.41,18.5,0.531,0.892,1.2,2.2,36,36,9,6.5,2.7,3.9,0.5,2.4,0.489,0.561,0.604
LaMarcus Aldridge,2017-18,32,SAS,22.1,8.4,2,33.5,5,1.1,2.4,0.365,17.4,0.508,0.854,0.5,1.6,34,34,8.6,1.5,0.6,4.3,3.3,5.1,0.496,0.512,0.564
Lance Stephenson,2017-18,27,IND,8.6,5.5,2.8,23,1.6,0.2,2,0.313,7.6,0.503,0.661,0.5,1.6,35,2,3.4,2.3,0.7,1.1,0.9,4.6,0.446,0.493,0.514
Lance Thomas,2017-18,29,NYK,4.5,2.7,0.4,18.8,1.1,0,1.7,0.333,4,0.403,0.829,0.4,0.6,31,10,1.5,1.5,0.5,0.9,0.8,1.9,0.376,0.44,0.495
Langston Galloway,2017-18,26,DET,6.8,1.8,0.7,14.6,0.8,0.1,0.7,0.381,5.7,0.462,0.87,0.5,0.3,30,0,2.3,3.9,1.5,0.7,0.2,1.6,0.406,0.538,0.564
Larry Nance,2017-18,25,LAL,8.5,6.7,1.3,21.9,2.1,0.4,2.9,0,6.1,0.598,0.63,1.5,0.9,22,17,3.6,0.1,0,1.3,2.7,4,0.59,0.59,0.606
Lauri Markkanen,2017-18,20,CHI,14.2,7.4,1.3,29.5,2.3,0.5,1.6,0.328,12.7,0.472,0.819,0.5,1.3,31,31,5.1,6.3,2.1,1.9,1.1,6.3,0.401,0.482,0.516
LeBron James,2017-18,33,CLE,27.8,8.2,9.3,37.4,5.9,1,1.7,0.401,18.9,0.618,0.778,1.5,4.3,35,35,10.6,5.1,2,4.6,1.2,7,0.56,0.613,0.646
London Perrantes,2017-18,23,CLE,0,0,0,3,0,0,1,,1,0,,0,0,1,0,0,0,0,0,0,0,0,0,0
Lonzo Ball,2017-18,20,LAL,10,6.9,7.1,33.9,1.6,1,2.2,0.297,11.1,0.392,0.48,1.4,2.9,31,31,3.9,5.1,1.5,0.8,1.3,5.7,0.349,0.417,0.425
Lorenzo Brown,2017-18,27,TOR,0.5,1.1,0.6,6.9,0,0,0.4,0,1.1,0.4,,0.4,0,8,0,0.3,0.5,0,0,0,1.1,0.222,0.222,0.222
Lou Williams,2017-18,31,LAC,20.8,2.7,4.7,31,5.2,0.2,1.4,0.407,15.3,0.47,0.891,0.9,2.7,32,7,6.8,6.5,2.7,4.6,0.5,2.2,0.443,0.53,0.592
Luc Mbah a Moute,2017-18,31,HOU,6.8,3.4,1,25.3,1.1,0.5,1.8,0.373,5.5,0.547,0.667,1.3,1.3,24,3,2.5,2.8,1,0.8,0.5,2.8,0.458,0.553,0.57
Lucas Nogueira,2017-18,25,TOR,3.8,2.6,0.4,11.6,0.6,1.1,1.5,0.273,2.7,0.676,0.818,0.7,0.5,18,2,1.6,0.6,0.2,0.5,0.5,2.1,0.583,0.615,0.643
Luke Babbitt,2017-18,28,ATL,6.8,2.5,0.8,18,0.7,0.1,1.5,0.441,5.2,0.519,0.737,0.3,0.5,28,9,2.4,3.3,1.5,0.5,0.1,2.4,0.469,0.61,0.623
Luke Kennard,2017-18,21,DET,5.8,1.6,1.2,16.4,0.6,0.2,0.9,0.406,5.4,0.407,0.765,0.6,0.8,28,3,2.2,2.3,0.9,0.5,0.3,1.4,0.407,0.493,0.511
Luol Deng,2017-18,32,LAL,2,0,1,13,0,0,0,,2,0.5,,1,1,1,1,1,0,0,0,0,0,0.5,0.5,0.5
Malachi Richardson,2017-18,22,SAC,3.8,1.4,0.6,13,1.1,0,1.4,0.321,3.6,0.333,0.833,0.4,0.4,17,1,1.2,1.6,0.5,0.9,0.2,1.2,0.328,0.402,0.464
Malcolm Brogdon,2017-18,25,MIL,13.1,2.9,3.4,30.5,1.6,0.3,2.6,0.391,10.9,0.509,0.88,0.9,1.4,31,10,5.1,3.7,1.5,1.4,0.3,2.6,0.469,0.535,0.564
Malcolm Delaney,2017-18,28,ATL,6.2,1.8,2.2,18.9,1.7,0.1,1.4,0.375,4.9,0.431,0.778,0.7,1,26,2,2,2.2,0.8,1.3,0.2,1.7,0.406,0.488,0.541
Malcolm Miller,2017-18,24,TOR,0,0,0,4,0,0,0,0,1,,,0,0,2,0,0,1,0,0,0,0,0,0,0
Malik Beasley,2017-18,21,DEN,3.4,1.4,0.5,10,0.6,0.1,0.7,0.317,3.2,0.474,0.667,0.2,0.5,31,0,1.3,1.3,0.4,0.4,0.3,1.1,0.408,0.474,0.496
Malik Monk,2017-18,19,CHO,5.9,1.1,1.5,14.5,0.6,0.1,1,0.343,6.2,0.35,0.706,0.3,0.7,29,0,2.1,3.4,1.2,0.4,0.1,1,0.346,0.441,0.456
Mangok Mathiang,2017-18,25,CHO,0,2,0,3.3,0,0,0.7,,0.7,0,,0,0,3,0,0,0,0,0,0.3,1.7,0,0,0
Manu Ginobili,2017-18,40,SAS,8.8,2.3,2.4,20.9,2,0.3,1.9,0.272,7.3,0.542,0.86,0.7,1.8,29,0,3.1,3.2,0.9,1.7,0.3,2,0.425,0.483,0.536
Marc Gasol,2017-18,33,MEM,18.6,8.8,4,35.1,5.4,1.5,2.4,0.329,15.5,0.443,0.835,0.7,3.1,35,35,6.4,4.3,1.4,4.5,1.4,7.3,0.411,0.457,0.522
Marcin Gortat,2017-18,33,WAS,8.8,8.4,1.9,27.4,2.3,0.7,2.1,,6.9,0.527,0.658,0.6,1.3,35,35,3.7,0,0,1.5,2.1,6.2,0.527,0.527,0.554
Marco Belinelli,2017-18,31,ATL,11.9,2.1,2.2,24,2.1,0.1,0.8,0.387,9.6,0.456,0.957,1,1.1,34,1,4,4.9,1.9,2,0.2,1.9,0.42,0.52,0.569
Marcus Georges-Hunt,2017-18,23,MIN,0.8,0.1,0.2,3.8,0.3,0,0.6,0.25,0.6,0.667,0.25,0.2,0.1,16,0,0.3,0.3,0.1,0.1,0.1,0.1,0.5,0.55,0.51
Marcus Morris,2017-18,28,BOS,11.5,5.4,1.5,23.7,2.6,0.2,1.8,0.317,10.1,0.45,0.844,0.6,1,17,9,4.1,3.7,1.2,2.2,0.4,5,0.401,0.459,0.511
Marcus Paige,2017-18,24,CHO,0,2,0,3,0,0,0,,2,0,,0,0,1,0,0,0,0,0,0,2,0,0,0
Marcus Smart,2017-18,23,BOS,9.5,3.7,4.9,30.7,2.5,0.4,2.7,0.311,9.4,0.356,0.722,1.2,2.5,36,8,3.1,4.5,1.4,1.8,0.9,2.8,0.334,0.408,0.452
Mario Chalmers,2017-18,31,MEM,7.3,2.8,3.2,22.9,1.9,0.2,2.7,0.258,7,0.433,0.787,1.3,1.7,32,7,2.5,3,0.8,1.5,0.2,2.5,0.357,0.413,0.464
Mario Hezonja,2017-18,22,ORL,5.9,2.6,0.8,15.3,0.6,0.2,1.5,0.365,5.1,0.519,0.882,0.6,0.9,28,7,2.3,2.3,0.8,0.5,0.4,2.2,0.451,0.532,0.555
Markelle Fultz,2017-18,19,PHI,6,2.3,1.8,19,3,0.3,1.5,,6.8,0.333,0.5,0.5,1.5,4,0,2.3,0,0,1.5,0.8,1.5,0.333,0.333,0.372
Markieff Morris,2017-18,28,WAS,10.6,4.4,1.2,23.9,1.5,0.5,3.1,0.4,8.7,0.506,0.805,0.6,1.8,27,27,4.1,2.6,1,1.2,1,3.4,0.475,0.534,0.561
Marquese Chriss,2017-18,20,PHO,6.3,4.8,1.1,20.4,1.7,1,2.9,0.28,5.6,0.488,0.661,0.5,1.1,36,30,2.3,2.3,0.6,1.1,0.9,3.9,0.404,0.461,0.495
Marreese Speights,2017-18,30,ORL,6.8,2.2,0.5,12.3,0.8,0.3,1.9,0.357,6.6,0.368,0.591,0.2,0.6,26,1,2.4,4.4,1.6,0.5,0.3,1.8,0.36,0.48,0.49
Marvin Williams,2017-18,31,CHO,9.5,4.7,1,26.5,1.6,0.4,1.4,0.421,7,0.521,0.873,0.6,0.7,34,34,3.3,3.6,1.5,1.4,1,3.7,0.471,0.578,0.616
Mason Plumlee,2017-18,27,DEN,6.9,5.7,1.9,20.1,2.7,1,2.1,0,5.2,0.566,0.398,0.7,1.6,35,13,2.9,0,0,1.1,1.8,3.9,0.563,0.563,0.543
Matt Costello,2017-18,24,SAS,2,5,0,11,0,2,3,,1,1,,0,0,1,0,1,0,0,0,0,5,1,1,1
Matt Williams,2017-18,24,MIA,1.5,0.5,0,2.5,0,0,0,0.5,1,,,0,0.5,2,0,0.5,1,0.5,0,0,0.5,0.5,0.75,0.75
Matthew Dellavedova,2017-18,27,MIL,5.1,1.8,3.1,18.9,0.6,0,1.9,0.389,4.9,0.362,0.909,0.2,1.4,17,3,1.8,2.1,0.8,0.6,0.5,1.3,0.373,0.458,0.49
Maurice Harkless,2017-18,24,POR,5.6,3.1,0.7,22.4,1,0.9,1.6,0.286,5.1,0.49,0.741,0.7,0.8,27,19,2.2,1.6,0.4,0.7,0.9,2.3,0.428,0.471,0.5
Maxi Kleber,2017-18,26,DAL,6.1,3.6,0.6,18.9,0.8,0.7,1.5,0.327,4.6,0.655,0.708,0.3,0.4,30,21,2.5,1.7,0.6,0.6,1.2,2.4,0.532,0.594,0.608
Meyers Leonard,2017-18,25,POR,5.6,2.8,0.6,11.1,0.7,0,1.6,0.538,3.8,0.625,0.75,0.3,0.3,12,2,2.3,1.1,0.6,0.5,0.4,2.3,0.6,0.678,0.69
Michael Beasley,2017-18,29,NYK,10.7,4.2,1.1,17.4,1.9,0.4,1.7,0.32,8.9,0.533,0.673,0.3,2.1,28,6,4.6,0.9,0.3,1.3,1,3.1,0.512,0.528,0.548
Michael Carter-Williams,2017-18,26,CHO,4.3,2.8,2.4,16.4,2.2,0.4,2.1,0.273,4.4,0.25,0.8,0.7,1.3,23,2,1.1,1,0.3,1.7,0.8,2,0.255,0.284,0.395
Michael Kidd-Gilchrist,2017-18,24,CHO,10,5,1.1,26.9,2.3,0.8,2.2,0,8.7,0.494,0.641,0.8,0.6,28,28,4.3,0.1,0,1.5,1.3,3.7,0.49,0.49,0.514
Mike Conley,2017-18,30,MEM,17.1,2.3,4.1,31.1,5.5,0.3,2,0.312,14,0.44,0.803,1,1.5,12,12,5.3,6.4,2,4.4,0,2.3,0.381,0.452,0.52
Mike James,2017-18,27,PHO,10.4,2.8,3.8,20.9,2.6,0.2,1.4,0.268,9.8,0.442,0.762,0.8,1.5,32,10,3.8,3,0.8,2,0.4,2.4,0.388,0.429,0.476
Mike Muscala,2017-18,26,ATL,6.6,4.4,1,22.4,1.3,0.6,2.6,0.316,5.7,0.469,0.917,0.8,0.9,9,5,2.3,2.1,0.7,1.2,1.2,3.2,0.412,0.471,0.524
Mike Scott,2017-18,29,WAS,9.6,3.6,0.8,19,1,0.2,2,0.405,7,0.658,0.71,0.5,1.1,32,1,4,2.3,0.9,0.7,0.7,2.8,0.574,0.641,0.651
Miles Plumlee,2017-18,29,ATL,4.8,3.5,0.9,17.7,1.3,0.5,1.5,,3.4,0.608,0.5,0.5,1.2,15,12,2.1,0,0,0.7,1.2,2.3,0.608,0.608,0.602
Milos Teodosic,2017-18,30,LAC,8.3,3.4,5.1,23.7,0.9,0.2,2.2,0.306,8.8,0.4,0.75,0.4,1.8,9,9,3,5.4,1.7,0.7,0.7,2.8,0.342,0.437,0.454
Milton Doyle,2017-18,24,BRK,3.5,1,1,8.5,1,0,0.5,0.333,4,0.2,1,0.5,0,2,0,1,1.5,0.5,1,0,1,0.25,0.313,0.394
Mindaugas Kuzminskas,2017-18,28,NYK,0,0,0,2,0,0,0,,2,0,,0,0,1,0,0,0,0,0,0,0,0,0,0
Mirza Teletovic,2017-18,32,MIL,7.1,2.3,1,15.9,0,0.1,1.4,0.467,5.7,0.333,,0.4,0.7,10,0,2.5,4.5,2.1,0,0.3,2,0.439,0.623,0.623
Monte Morris,2017-18,22,DEN,0,0,1,3,0,0,0,0,1,,,0,0,1,0,0,1,0,0,0,0,0,0,0
Montrezl Harrell,2017-18,24,LAC,7.2,3.3,0.8,12.4,2,0.5,1.1,,4.7,0.609,0.704,0.3,0.5,27,3,2.9,0,0,1.4,1.3,2,0.609,0.609,0.639
Myles Turner,2017-18,21,IND,14.6,6.9,1.6,30.4,3.4,2.4,2.7,0.355,11.1,0.543,0.768,0.5,1.5,28,27,5.5,2.7,1,2.6,1.1,5.8,0.497,0.54,0.58
Nate Wolters,2017-18,26,UTA,0.4,0.4,0.2,3.8,0,0,0.2,,1.2,0.167,,0,0,5,0,0.2,0,0,0,0.2,0.2,0.167,0.167,0.167
Naz Mitrou-Long,2017-18,24,UTA,3,0,0,1,0,0,0,1,1,,,0,0,1,0,1,1,1,0,0,0,1,1.5,1.5
Nemanja Bjelica,2017-18,29,MIN,6.5,2.8,0.7,14.6,0.8,0.2,1.7,0.488,4.3,0.643,0.813,0.5,0.7,20,0,2.4,2.2,1.1,0.7,0.5,2.4,0.565,0.688,0.706
Nene Hilario,2017-18,35,HOU,7.2,3.3,1,15.1,2.4,0.4,2.6,0,4.6,0.611,0.707,0.5,1,24,1,2.8,0.1,0,1.7,0.9,2.4,0.6,0.6,0.638
Nerlens Noel,2017-18,23,DAL,4,4.1,0.3,12.5,1.1,0.6,1.7,,2.9,0.528,0.842,0.6,0.8,18,6,1.6,0,0,0.9,1.4,2.6,0.528,0.528,0.587
Nick Collison,2017-18,37,OKC,1.9,1.4,0.4,5.6,0.6,0,0.7,,0.9,0.833,0.75,0,0.3,7,0,0.7,0,0,0.4,0.4,1,0.833,0.833,0.838
Nick Young,2017-18,32,GSW,6.9,1.4,0.5,14.1,0.8,0.1,1.1,0.412,5.4,0.552,0.68,0.4,0.5,33,0,2.5,3.6,1.5,0.5,0.2,1.2,0.458,0.596,0.606
Nicolas Batum,2017-18,29,CHO,10,4.2,4.8,31.1,1.6,0.4,1.3,0.284,9.5,0.478,0.844,1.1,2,20,20,3.8,3.7,1.1,1.4,0.6,3.6,0.402,0.458,0.492
Nicolas Brussino,2017-18,24,ATL,0,0.8,0,2.5,0,0,0,0,0.5,,,0,0,4,0,0,0.5,0,0,0,0.8,0,0,0
Nik Stauskas,2017-18,24,,5.8,1.2,0.8,11.9,1,0,0.5,0.559,3.8,0.267,0.769,0.4,0.7,13,0,1.8,2.6,1.5,0.8,0.2,1,0.469,0.663,0.685
Nikola Jokic,2017-18,22,DEN,16.2,10.1,4.5,30.1,3.2,0.7,2.5,0.372,11.9,0.565,0.876,1.3,2.4,28,26,6.1,3.4,1.3,2.8,2.5,7.6,0.511,0.563,0.609
Nikola Mirotic,2017-18,26,CHI,17.2,7.6,1,25.5,3.6,0.4,2.2,0.475,12.1,0.527,0.675,0.4,0.7,11,3,6.1,5.4,2.5,2.5,0.9,6.7,0.504,0.609,0.627
Nikola Vucevic,2017-18,27,ORL,17.4,9.3,3.3,29.9,1.6,1.1,2.4,0.343,14.9,0.548,0.821,1,1.9,34,34,7.3,4.1,1.4,1.4,1.8,7.5,0.491,0.539,0.557
Noah Vonleh,2017-18,22,POR,4.2,6.3,0.5,18.4,1,0.5,1.7,,3.3,0.526,0.739,0.3,0.6,23,12,1.7,0,0,0.7,1.5,4.9,0.526,0.526,0.563
Norman Powell,2017-18,24,TOR,7.8,1.9,1.7,19.2,1.2,0.3,2.2,0.301,7,0.514,0.853,0.9,1.4,29,12,2.9,3.2,1,1,0.2,1.7,0.416,0.485,0.519
OG Anunoby,2017-18,20,TOR,6.7,2.1,0.8,20.9,0.8,0.1,1.9,0.426,5.1,0.561,0.63,0.9,0.7,33,21,2.4,3.1,1.3,0.5,0.6,1.5,0.479,0.608,0.615
Okaro White,2017-18,25,MIA,3.3,1.8,0.3,13.3,0.5,0.2,1,0.364,2.7,0.6,0.667,0.2,0.2,6,4,1.2,1.8,0.7,0.3,0.5,1.3,0.438,0.563,0.577
Omer Asik,2017-18,31,NOP,1.3,2.4,0.2,7.8,0.6,0,0.6,,1.2,0.417,0.5,0,0.2,10,0,0.5,0,0,0.3,0.4,2,0.417,0.417,0.444
Omri Casspi,2017-18,29,GSW,7,4.5,1.2,16.2,1.5,0.5,1.5,0.563,4.5,0.631,0.75,0.4,0.7,31,6,2.8,0.5,0.3,1.2,0.7,3.8,0.623,0.656,0.682
Otto Porter,2017-18,24,WAS,14.6,6.6,1.7,31,1.6,0.6,1.9,0.451,11.4,0.533,0.808,1.5,0.8,32,32,5.8,3.8,1.7,1.3,1.2,5.4,0.505,0.581,0.6
P.J. Tucker,2017-18,32,HOU,6.1,6.2,0.9,27.8,1.1,0.3,2.8,0.364,5,0.471,0.8,1.2,1,32,4,2,3.4,1.3,0.9,1.2,5,0.398,0.522,0.556
Pascal Siakam,2017-18,23,TOR,6.4,4.7,1.8,19.9,1,0.5,1.9,0.141,6.1,0.611,0.545,1,0.8,32,4,2.8,2,0.3,0.6,1.1,3.6,0.456,0.479,0.489
Pat Connaughton,2017-18,25,POR,5.9,2.2,1.2,19.3,0.6,0.3,1.4,0.376,4.9,0.544,0.762,0.2,0.6,33,5,2.2,2.8,1.1,0.5,0.3,1.9,0.447,0.556,0.573
Patrick Beverley,2017-18,29,LAC,12.2,4.1,2.9,30.4,1.5,0.5,3.1,0.4,10.8,0.407,0.824,1.7,2.3,11,11,4.4,5.5,2.2,1.3,1.5,2.6,0.403,0.504,0.53
Patrick McCaw,2017-18,22,GSW,4.3,1.4,1.5,16.1,0.7,0.2,1,0.313,3.6,0.587,0.714,0.8,0.6,31,5,1.7,1.5,0.5,0.5,0.3,1.1,0.468,0.536,0.557
Patrick Patterson,2017-18,28,OKC,3.1,1.9,0.5,14.3,0.3,0.2,1.1,0.362,2.9,0.355,1,0.6,0.5,35,0,1,2,0.7,0.3,0.3,1.6,0.36,0.485,0.518
Patty Mills,2017-18,29,SAS,9.7,2,2.9,24.9,1.2,0.2,1.5,0.396,7.9,0.482,0.878,0.7,1.3,35,12,3.4,4.7,1.9,1,0.3,1.7,0.432,0.549,0.576
Pau Gasol,2017-18,37,SAS,10.8,8.2,3.2,25.1,2.3,1.2,1.5,0.424,8.3,0.498,0.818,0.3,1.4,33,33,4,2,0.8,1.9,1.5,6.7,0.48,0.531,0.575
Paul George,2017-18,27,OKC,20.5,5.7,3.1,37.2,4.2,0.6,2.9,0.426,16.6,0.415,0.812,2.5,2.9,33,33,7,7.3,3.1,3.4,0.9,4.7,0.42,0.514,0.554
Paul Millsap,2017-18,32,DEN,15.3,6.2,3,29.7,4.1,1.3,2.4,0.345,12.6,0.486,0.692,1.1,2.1,16,16,5.6,3.6,1.3,2.8,1.5,4.7,0.446,0.495,0.531
Paul Zipser,2017-18,23,CHI,4,2.8,1,15.5,0.5,0.2,1.5,0.328,4.7,0.333,0.571,0.4,0.9,31,7,1.5,2,0.6,0.3,0.3,2.5,0.331,0.4,0.41
Quincy Acy,2017-18,27,BRK,5.7,4,0.6,17.9,1.2,0.2,2,0.325,5.2,0.333,0.806,0.3,1,29,0,1.7,4,1.3,1,0.6,3.4,0.327,0.453,0.497
Quincy Pondexter,2017-18,29,CHI,2.4,1.3,0.4,9.7,0.9,0.1,1.2,0.136,2.6,0.417,0.824,0.4,0.6,18,1,0.7,1.2,0.2,0.8,0.4,0.8,0.283,0.315,0.402
Quinn Cook,2017-18,24,GSW,3.2,1.1,1.6,10.3,0.1,0,0.9,0.357,2.9,0.533,1,0,0.3,10,2,1.3,1.4,0.5,0.1,0.2,0.9,0.448,0.534,0.543
Rajon Rondo,2017-18,31,NOP,6.9,4.1,8.3,25.2,0.2,0.3,1.9,0.357,6.3,0.524,1,0.9,2.3,20,19,3,2.1,0.8,0.2,0.5,3.6,0.468,0.528,0.536
Ramon Sessions,2017-18,31,NYK,4.2,1.5,2.5,14.2,1.4,0.1,1.2,0.182,4.5,0.359,0.8,0.6,1.4,11,3,1.5,1,0.2,1.1,0.1,1.4,0.32,0.34,0.406
Rashad Vaughn,2017-18,21,MIL,3.5,0.9,0.8,10.1,0.4,0.2,0.8,0.364,3,0.533,0.667,0.3,0.1,16,0,1.3,2.1,0.8,0.3,0.1,0.9,0.417,0.542,0.553
Raul Neto,2017-18,25,UTA,4.9,1.4,1.9,13.3,0.8,0.1,0.8,0.455,4.1,0.479,0.615,0.4,0.7,17,0,1.9,1.3,0.6,0.5,0.1,1.2,0.471,0.543,0.555
Raymond Felton,2017-18,33,OKC,6.6,1.6,2.3,16.5,0.5,0.1,0.9,0.358,6.6,0.447,0.688,0.6,0.7,35,0,2.7,2.3,0.8,0.3,0.2,1.4,0.416,0.478,0.487
Reggie Bullock,2017-18,26,DET,5.6,1.5,0.8,19.3,0.4,0.2,0.8,0.326,4.8,0.644,0.571,0.9,0.2,19,10,2.3,2.4,0.8,0.2,0.4,1.2,0.484,0.566,0.569
Reggie Jackson,2017-18,27,DET,14.6,2.8,5.5,27.1,2.8,0.1,2.1,0.339,12.3,0.493,0.84,0.6,2.5,33,33,5.5,3.8,1.3,2.4,0.7,2.2,0.446,0.498,0.54
Richard Jefferson,2017-18,37,DEN,1.2,0.3,0.8,6.4,0.6,0,0.3,0.2,1.4,0.375,0.4,0,0,9,0,0.4,0.6,0.1,0.2,0,0.3,0.308,0.346,0.362
Richaun Holmes,2017-18,24,PHI,7.3,5,1.1,16.6,1.2,0.5,2.6,0.167,5.7,0.635,0.714,0.4,0.7,18,2,3.2,1,0.2,0.8,1.3,3.7,0.553,0.568,0.588
Ricky Rubio,2017-18,27,UTA,11.3,3.8,4.8,29,3,0.1,2.5,0.28,10,0.446,0.875,1.6,3,35,35,3.9,3.6,1,2.6,0.5,3.4,0.387,0.437,0.502
Robert Covington,2017-18,27,PHI,14.6,6.1,1.8,32.9,2,0.8,3.2,0.393,11.8,0.467,0.836,1.9,2,31,31,4.9,7.9,3.1,1.6,0.9,5.1,0.418,0.549,0.577
Robin Lopez,2017-18,29,CHI,12.8,5.3,2.1,29.3,1.6,0.9,2,0.286,11.2,0.52,0.75,0.3,1.7,34,34,5.8,0.2,0.1,1.2,2.6,2.7,0.516,0.518,0.539
Rodney Hood,2017-18,25,UTA,17.7,2.7,1.7,28.7,2.8,0.2,1.7,0.411,15,0.421,0.855,0.9,1.7,27,11,6.2,7,2.9,2.4,0.4,2.3,0.416,0.512,0.548
Ron Baker,2017-18,24,NYK,3.5,0.8,2.3,15.4,1.4,0.3,1.2,0.429,2.6,0.278,0.762,1.2,0.9,15,0,0.9,1.4,0.6,1.1,0.1,0.7,0.359,0.474,0.549
Rondae Hollis-Jefferson,2017-18,23,BRK,14.7,6.3,2.2,28.1,4.9,0.7,2,0.346,10.8,0.497,0.808,0.9,1.5,31,30,5.3,0.8,0.3,3.9,1.6,4.7,0.485,0.499,0.568
Royce O'Neale,2017-18,24,UTA,3.2,2.1,1,10.2,1.1,0,0.8,0.342,2.6,0.37,0.75,0.4,0.5,25,0,0.9,1.5,0.5,0.8,0.2,1.9,0.354,0.454,0.517
Rudy Gay,2017-18,31,SAS,11.6,5.1,1.5,22.8,2.7,0.6,1.9,0.338,9.2,0.521,0.798,0.8,1.6,33,5,4.4,2.1,0.7,2.2,1.3,3.8,0.48,0.518,0.563
Rudy Gobert,2017-18,25,UTA,11.6,9.6,1.2,29.9,4.6,2.3,2.3,,7.1,0.598,0.683,0.6,1.9,18,18,4.2,0,0,3.1,2.6,6.9,0.598,0.598,0.638
Russell Westbrook,2017-18,29,OKC,24,9.3,10,36.3,7.2,0.2,2.5,0.314,20.7,0.451,0.721,2.1,4.5,35,35,8.7,4.9,1.5,5.2,1.7,7.6,0.419,0.456,0.504
Ryan Anderson,2017-18,29,HOU,10.7,5.4,0.9,28.3,1.2,0.4,2,0.396,8.3,0.557,0.816,0.4,0.9,31,30,3.6,6,2.4,1,1.5,3.9,0.44,0.584,0.605
Ryan Arcidiacono,2017-18,23,CHI,0,0,1,5,0,0,1,0,2,,,0,0,1,0,0,2,0,0,0,0,0,0,0
Salah Mejri,2017-18,31,DAL,3,4,0.5,11.1,1,1.2,1.9,0,1.9,0.672,0.516,0.3,0.5,31,1,1.3,0.1,0,0.5,1.4,2.6,0.65,0.65,0.638
Sam Dekker,2017-18,23,LAC,4.5,2.8,0.6,14.1,0.9,0.2,1,0.146,4.3,0.584,0.8,0.4,0.6,29,0,1.8,1.7,0.2,0.7,0.6,2.2,0.416,0.444,0.482
Sean Kilpatrick,2017-18,28,,5.3,2.3,1.1,11.6,1.1,0.1,0.6,0.271,5.4,0.38,0.947,0.1,0.9,18,0,1.8,2.7,0.7,1,0.1,2.3,0.327,0.393,0.447
Semi Ojeleye,2017-18,23,BOS,2.6,2,0.2,14.2,0.6,0,0.9,0.309,2.5,0.4,0.619,0.3,0.3,35,0,0.8,1.9,0.6,0.4,0.6,1.5,0.33,0.449,0.473
Serge Ibaka,2017-18,28,TOR,13.8,6,0.7,27.9,1.7,1.4,3.1,0.389,10.8,0.578,0.72,0.3,1.2,30,30,5.5,4.2,1.6,1.2,0.9,5.1,0.505,0.58,0.595
Shabazz Muhammad,2017-18,25,MIN,4,1.7,0.3,11.4,0.8,0.1,0.9,0.211,4.1,0.431,0.722,0.2,0.1,22,2,1.6,0.9,0.2,0.6,0.5,1.2,0.385,0.407,0.44
Shabazz Napier,2017-18,26,POR,8.7,1.9,1.6,18.5,1.6,0.1,0.9,0.458,6.6,0.508,0.81,1.3,0.9,27,1,3.2,2.2,1,1.3,0.3,1.6,0.492,0.568,0.601
Shane Larkin,2017-18,25,BOS,3.8,1.2,1.2,11.3,0.7,0,1,0.385,3.4,0.389,0.833,0.4,0.4,27,0,1.3,1.4,0.6,0.6,0.1,1.1,0.387,0.468,0.505
Shaun Livingston,2017-18,32,GSW,5.1,1.8,2,16.1,0.7,0.3,1.6,0,4.5,0.516,0.75,0.5,0.9,28,5,2.3,0.1,0,0.5,0.6,1.2,0.508,0.508,0.53
Shelvin Mack,2017-18,27,ORL,4.1,2.1,3.9,18,1.3,0.1,1,0.313,4.1,0.365,0.667,0.5,1,26,3,1.4,1.2,0.4,0.8,0.3,1.8,0.349,0.396,0.44
Sindarius Thornwell,2017-18,23,LAC,3.9,1.6,0.8,15.4,1,0.3,1.9,0.394,3.2,0.471,0.677,0.6,0.8,32,8,1.4,1,0.4,0.7,0.3,1.2,0.447,0.51,0.54
Skal Labissiere,2017-18,21,SAC,7,3.8,0.7,15.8,1.6,0.6,2,0.4,6.4,0.435,0.804,0.4,1,29,12,2.8,0.3,0.1,1.3,1.2,2.6,0.433,0.444,0.49
Spencer Dinwiddie,2017-18,24,BRK,12.8,3.2,6.5,26.8,2.9,0.4,2.5,0.364,10.5,0.439,0.784,0.7,1.3,33,23,4.2,5.6,2,2.3,0.6,2.6,0.399,0.496,0.539
Stanley Johnson,2017-18,21,DET,7.5,3.7,1.4,27.9,1.8,0.2,2.4,0.295,7.1,0.417,0.778,1.2,0.9,30,22,2.5,3.5,1,1.4,0.5,3.2,0.357,0.43,0.475
Stephen Curry,2017-18,29,GSW,26.3,5.1,6.6,32.6,6.5,0.2,2.5,0.381,17.7,0.58,0.933,1.7,2.9,23,23,8.3,9.5,3.6,6,0.7,4.4,0.473,0.575,0.643
Sterling Brown,2017-18,22,MIL,2.2,1.3,0.2,6.9,0,0.1,1.3,0.333,2.4,0.444,,0.5,0.3,10,0,1,0.6,0.2,0,0.5,0.8,0.417,0.458,0.458
Steven Adams,2017-18,24,OKC,13.8,8.9,0.9,32.2,3.1,0.9,2.7,0,9.1,0.647,0.66,1.3,1.5,30,30,5.9,0,0,2.1,5.1,3.8,0.645,0.645,0.658
T.J. Leaf,2017-18,20,IND,3.1,1.7,0.2,9.4,0.3,0.1,1,0.478,2.9,0.444,0.429,0.2,0.2,27,0,1.3,0.9,0.4,0.1,0.7,1,0.455,0.526,0.524
T.J. McConnell,2017-18,25,PHI,7.1,3.4,4.7,23.9,0.6,0.3,2,0.481,5.9,0.533,0.824,1.1,1.9,28,1,3.1,1,0.5,0.5,0.6,2.8,0.524,0.564,0.58
T.J. Warren,2017-18,24,PHO,19,5.6,1.3,31.7,4.3,0.7,2.4,0.179,16.2,0.508,0.769,0.9,1.4,36,36,7.7,1.6,0.3,3.3,1.9,3.7,0.476,0.485,0.526
Taj Gibson,2017-18,32,MIN,11.8,8.1,1.4,33.6,2.3,0.7,2.9,0.261,8.6,0.591,0.802,0.8,1.2,35,35,4.9,0.7,0.2,1.9,2.7,5.3,0.566,0.576,0.612
Tarik Black,2017-18,26,HOU,2.8,2.6,0.3,8.4,0.9,0.5,1.9,0,2.2,0.622,0.545,0.3,0.8,24,0,1.2,0.3,0,0.5,1,1.6,0.538,0.538,0.551
Taurean Waller-Prince,2017-18,23,ATL,12.7,5.4,2.5,31.1,1.8,0.6,2.1,0.407,11,0.454,0.774,1,2.2,34,34,4.8,4.3,1.7,1.4,0.9,4.5,0.436,0.515,0.54
Terrance Ferguson,2017-18,19,OKC,1.3,0.3,0,6.7,0.1,0,0.9,0.133,1.5,0.625,0.5,0.2,0.2,21,0,0.6,0.7,0.1,0,0.1,0.2,0.387,0.419,0.423
Terrence Ross,2017-18,26,ORL,9,3.2,1.6,26.2,1.6,0.5,2,0.329,8,0.478,0.743,1.2,1.1,22,20,3.3,3.9,1.3,1.2,0.5,2.7,0.407,0.486,0.515
Terry Rozier,2017-18,23,BOS,8.9,4.3,2.1,23.4,1.3,0.1,1.3,0.363,8.4,0.396,0.792,1,0.7,38,0,3.2,4.2,1.5,1,0.6,3.7,0.379,0.47,0.497
Thabo Sefolosha,2017-18,33,UTA,8.2,4.1,0.8,21.2,1.3,0.3,1.5,0.392,6.3,0.552,0.814,1.3,0.8,33,2,3.1,2.2,0.9,1.1,0.7,3.4,0.495,0.565,0.595
Thaddeus Young,2017-18,29,IND,12.2,6,2,33,1,0.4,2.3,0.354,10.9,0.531,0.618,1.7,1.2,35,35,5.3,2.7,1,0.6,2,4,0.487,0.531,0.538
Thomas Bryant,2017-18,20,LAL,1,0,0,4,2,0,0,,0,,0.5,0,0,1,0,0,0,0,1,0,0,,,0.568
Thon Maker,2017-18,20,MIL,4.1,3.6,0.7,18.4,1.2,0.8,2.5,0.286,3.7,0.461,0.684,0.6,0.7,32,8,1.5,1.3,0.4,0.8,1,2.6,0.398,0.449,0.49
Tim Frazier,2017-18,27,WAS,3.5,2.1,3.5,16,0.5,0.1,1.8,0.306,3.3,0.464,0.875,0.8,1.3,32,11,1.3,1.1,0.3,0.4,0.3,1.8,0.41,0.462,0.495
Tim Hardaway,2017-18,25,NYK,17.8,4.2,3.3,34.1,3.6,0.2,2.2,0.316,15.1,0.515,0.8,1.1,1.7,21,21,6.3,7.2,2.3,2.9,0.8,3.4,0.42,0.495,0.534
Timofey Mozgov,2017-18,31,BRK,4.6,3.7,0.3,13.3,1.1,0.4,1.4,0.176,3.3,0.661,0.76,0.1,1.2,23,14,1.8,0.7,0.1,0.8,1.2,2.5,0.553,0.572,0.609
Timothe Luwawu-Cabarrot,2017-18,22,PHI,6.3,1.8,1,16.7,1.3,0.1,2.2,0.3,5.8,0.48,0.718,0.3,0.9,30,1,2.2,3.3,1,0.9,0.4,1.4,0.377,0.463,0.494
Tobias Harris,2017-18,25,DET,18.1,5.3,1.7,32.7,2.3,0.2,1.8,0.45,14.5,0.468,0.857,0.7,1,33,33,6.7,6.1,2.7,2,0.9,4.4,0.46,0.554,0.582
Tomas Satoransky,2017-18,26,WAS,5.2,2.6,2.7,17.1,1.4,0,1.5,0.367,4,0.541,0.595,0.4,0.5,26,0,2,1.2,0.4,0.8,0.8,1.8,0.49,0.543,0.561
Tony Allen,2017-18,36,NOP,4.7,2.1,0.4,12.4,1,0.1,2.2,0.333,4.1,0.506,0.524,0.5,0.9,22,0,2,0.5,0.2,0.5,0.9,1.2,0.484,0.505,0.514
Tony Bradley,2017-18,20,UTA,1,1.4,0.1,3.5,0.3,0,0.1,0,1.4,0.3,1,0,0,8,0,0.4,0.1,0,0.3,0.5,0.9,0.273,0.273,0.337
Tony Parker,2017-18,35,SAS,9.3,2.1,4.4,20.3,1.6,0.1,0.5,0.333,7.8,0.54,0.579,0.4,1.6,12,12,4.1,0.5,0.2,0.9,0.2,1.9,0.527,0.538,0.548
Tony Snell,2017-18,26,MIL,8.3,2.2,1.6,31.1,0.9,0.4,1.6,0.44,6.1,0.585,0.696,0.6,0.5,27,24,3,3.7,1.6,0.6,0.1,2.1,0.497,0.63,0.64
Torrey Craig,2017-18,27,DEN,4.9,3.4,1.3,18.5,1.4,0.4,2,0.333,3.4,0.667,0.818,0.4,0.8,8,3,1.5,2.3,0.8,1.1,0.5,2.9,0.444,0.556,0.612
Treveon Graham,2017-18,24,CHO,5,2.1,1.1,17,1,0,1.9,0.432,4,0.438,0.762,0.5,0.5,21,0,1.8,1.8,0.8,0.8,0.7,1.4,0.435,0.529,0.562
Trevor Ariza,2017-18,32,HOU,12.2,4.8,1.7,35.9,1.3,0.2,1.9,0.382,9.6,0.579,0.9,1.6,0.9,30,30,4.2,7.1,2.7,1.2,0.6,4.2,0.434,0.575,0.6
Trevor Booker,2017-18,30,,9.3,6.3,1.9,20.5,2.3,0.4,2,0.214,7.3,0.551,0.639,0.5,1.5,26,5,3.8,0.5,0.1,1.5,2.3,3.9,0.526,0.534,0.558
Trey Lyles,2017-18,22,DEN,9.2,4.4,0.9,18.1,1.6,0.3,1.2,0.463,6.5,0.571,0.714,0.4,0.7,30,1,3.4,2.7,1.3,1.2,0.8,3.5,0.526,0.624,0.643
Tristan Thompson,2017-18,26,CLE,4.1,4.8,0.3,17.7,1.3,0.3,1.5,,2.9,0.568,0.55,0.3,0.5,15,5,1.7,0,0,0.7,1.5,3.3,0.568,0.568,0.578
Troy Daniels,2017-18,26,PHO,8.3,1.2,0.6,17.8,0.7,0.1,1.6,0.441,6.2,0.465,0.958,0.2,0.7,36,0,2.8,5,2.2,0.6,0.1,1.1,0.446,0.624,0.645
Troy Williams,2017-18,23,HOU,1.3,1,0.3,4.3,0.8,0,0.5,0,2.3,0.5,0.333,0.3,0.3,4,0,0.5,1.3,0,0.3,0.3,0.8,0.222,0.222,0.242
Tyler Cavanaugh,2017-18,23,ATL,5.2,3.4,1.1,14.3,0.6,0.1,1.8,0.358,4,0.667,0.769,0.3,0.4,22,1,2,2.4,0.9,0.5,1.1,2.3,0.483,0.59,0.607
Tyler Dorsey,2017-18,21,ATL,2.2,0.8,0.3,6.3,0.4,0.1,0.1,0.357,2,0.333,0.75,0.1,0.5,10,0,0.7,1.4,0.5,0.3,0.1,0.7,0.35,0.475,0.506
Tyler Ennis,2017-18,23,LAL,1.8,0.9,0.8,5.8,0.4,0.1,0.8,0,2,0.478,0.833,0.3,0.3,15,0,0.7,0.5,0,0.3,0.1,0.7,0.367,0.367,0.414
Tyler Johnson,2017-18,25,MIA,11.5,3.6,2.1,28.7,2.1,0.7,2.2,0.347,9.7,0.476,0.881,0.8,1.4,32,5,4,4.6,1.6,1.8,0.5,3.1,0.415,0.497,0.54
Tyler Lydon,2017-18,21,DEN,0,0,0,2,0,0,0,,0,,,0,0,1,0,0,0,0,0,0,0,,,
Tyler Ulis,2017-18,22,PHO,7.8,1.9,4,23.6,1.7,0.1,1.5,0.283,7.7,0.416,0.803,0.9,2,35,23,3,1.7,0.5,1.4,0.3,1.6,0.387,0.418,0.463
Tyler Zeller,2017-18,28,BRK,8.2,5,0.7,18.9,1.8,0.4,1.9,0.333,5.9,0.609,0.66,0.3,1.2,26,18,3.4,0.6,0.2,1.2,1.6,3.4,0.582,0.598,0.616
Tyreke Evans,2017-18,28,MEM,19.4,5.1,4.4,30.8,3.8,0.4,1.9,0.409,15.1,0.499,0.815,1,1.9,34,15,7.1,5.2,2.1,3.1,0.8,4.3,0.468,0.538,0.577
Tyson Chandler,2017-18,35,PHO,6.8,9.4,1.2,25.3,2.1,0.7,2.7,,4.2,0.648,0.655,0.4,1.2,26,26,2.7,0,0,1.4,2.8,6.6,0.648,0.648,0.666
Tyus Jones,2017-18,21,MIN,4.1,1.8,2.6,16.6,0.9,0.1,1.1,0.419,3.1,0.508,0.833,1.1,0.6,35,3,1.5,1.2,0.5,0.7,0.2,1.6,0.472,0.556,0.598
Udonis Haslem,2017-18,37,MIA,0.3,0.7,0.4,5.9,0,0.1,0.3,0,0.4,0.5,,0,0.3,7,0,0.1,0.1,0,0,0.3,0.4,0.333,0.333,0.333
Vander Blue,2017-18,25,LAL,0.5,0.3,0.3,7,0,0,0.5,,0.8,0.333,,0,0.5,4,0,0.3,0,0,0,0,0.3,0.333,0.333,0.333
Victor Oladipo,2017-18,25,IND,24.9,5.3,3.9,34.4,5.5,1,2.4,0.423,18.4,0.519,0.79,1.8,3,33,33,8.9,6.5,2.7,4.3,0.5,4.8,0.485,0.559,0.599
Vince Carter,2017-18,41,SAC,3.9,1.6,1,14.6,0.3,0.6,1.4,0.333,3.9,0.462,0.429,0.6,0.4,21,2,1.5,2,0.7,0.1,0.2,1.4,0.395,0.481,0.482
Vince Hunter,2017-18,23,MEM,1.5,0.8,0,1.8,0,0.3,0,,1.3,0.6,,0,0.3,4,0,0.8,0,0,0,0.5,0.3,0.6,0.6,0.6
Wayne Ellington,2017-18,30,MIA,10.1,2.5,0.9,23,0.8,0.1,1,0.433,7.6,0.429,0.889,0.6,0.5,34,0,3.3,6.6,2.9,0.7,0.2,2.2,0.432,0.62,0.637
Wayne Selden,2017-18,23,MEM,3.5,1,2,9.5,1,0,0,0.5,2,0.5,1,0.5,1.5,2,0,1,1,0.5,1,0,1,0.5,0.625,0.717
Wesley Iwundu,2017-18,23,ORL,3.2,1.8,0.8,13.1,0.4,0.1,0.8,0.231,3.6,0.438,0.429,0.3,0.4,17,3,1.4,0.8,0.2,0.2,0.5,1.4,0.393,0.418,0.421
Wesley Johnson,2017-18,30,LAC,6.9,3.4,1.1,24.5,1.1,1.1,2.3,0.286,6.4,0.516,0.71,1.1,1,28,19,2.6,3,0.9,0.8,0.5,3,0.408,0.475,0.498
Wesley Matthews,2017-18,31,DAL,11.6,3.1,2.8,34.3,1.3,0.1,2.2,0.37,10.6,0.424,0.822,1.1,1.5,36,35,4.2,6,2.2,1,0.3,2.8,0.394,0.499,0.52
Will Barton,2017-18,27,DEN,14.9,5.1,3.8,31.3,2.8,0.6,2.1,0.376,12.1,0.508,0.726,1.1,1.7,34,8,5.5,5,1.9,2,0.9,4.3,0.454,0.532,0.559
Willie Cauley-Stein,2017-18,24,SAC,11.2,6.2,2.3,25.8,2.8,0.9,2.3,0.167,9.2,0.511,0.663,0.8,1.4,31,21,4.6,0.2,0,1.8,1.6,4.6,0.503,0.505,0.534
Willie Reed,2017-18,27,LAC,4.9,2.9,0.2,10,1.6,0.5,1.4,1,3,0.671,0.556,0.2,0.4,28,0,2,0,0,0.9,0.9,2,0.675,0.681,0.671
Willy Hernangomez,2017-18,23,NYK,5.3,3.4,0.9,10.6,1.1,0.4,1.7,0.25,4.3,0.6,0.313,0.3,1.3,15,0,2.5,0.3,0.1,0.3,1.3,2.1,0.578,0.586,0.563
Wilson Chandler,2017-18,30,DEN,10.1,5.4,2.2,31,1.9,0.3,2.1,0.327,8.7,0.482,0.847,0.5,1.4,31,31,3.7,3.5,1.1,1.6,1.4,4,0.421,0.485,0.527
Yogi Ferrell,2017-18,24,DAL,10.1,3.3,2.3,28.8,1.6,0.1,2.1,0.396,8.3,0.472,0.81,0.8,1.2,36,14,3.6,3.9,1.5,1.3,0.3,3,0.436,0.529,0.559
Zach Collins,2017-18,20,POR,3.7,2.9,0.7,12.9,0.7,0.5,2.2,0.353,3.9,0.4,0.417,0.2,0.9,17,1,1.5,1,0.4,0.3,0.8,2.1,0.388,0.433,0.436
Zach Randolph,2017-18,36,SAC,15.5,6.9,2.3,25.8,2.2,0.2,1.9,0.343,12.8,0.543,0.776,0.8,1.8,31,29,6.5,2.3,0.8,1.7,1.8,5.1,0.508,0.538,0.561
Zaza Pachulia,2017-18,33,GSW,5,4.7,1.6,14.3,1.2,0.2,1.7,,3.6,0.57,0.8,0.8,1.3,26,26,2,0,0,0.9,1.1,3.6,0.57,0.57,0.612
Zhou Qi,2017-18,22,HOU,1.3,0.9,0.1,4.9,0.6,0.5,0.7,0.167,1.6,0.222,0.875,0.2,0.3,13,0,0.3,0.9,0.2,0.5,0.2,0.8,0.19,0.238,0.347
