W-L%,PTS,SOS,Season
0.714,71.2,6.85,2015-16
0.714,71.2,6.85,2015-16
0.714,71.2,6.85,2015-16
0.714,71.2,6.85,2015-16
0.714,71.2,6.85,2015-16
0.714,71.2,6.85,2015-16
0.714,71.2,6.85,2015-16
0.714,71.2,6.85,2015-16
0.714,71.2,6.85,2015-16
0.714,71.2,6.85,2015-16
0.714,71.2,6.85,2015-16
0.714,71.2,6.85,2015-16
0.714,71.2,6.85,2015-16
0.714,71.2,6.85,2015-16
W-L%,PTS,SOS,Season
0.897,64.2,9.87,2014-15* FN
0.897,64.2,9.87,2014-15* FN
0.897,64.2,9.87,2014-15* FN
0.897,64.2,9.87,2014-15* FN
0.897,64.2,9.87,2014-15* FN
0.897,64.2,9.87,2014-15* FN
0.897,64.2,9.87,2014-15* FN
0.897,64.2,9.87,2014-15* FN
0.897,64.2,9.87,2014-15* FN
0.897,64.2,9.87,2014-15* FN
0.897,64.2,9.87,2014-15* FN
0.897,64.2,9.87,2014-15* FN
0.897,64.2,9.87,2014-15* FN
0.897,64.2,9.87,2014-15* FN
W-L%,PTS,SOS,Season
0.743,67.4,8.48,2013-14*
0.743,67.4,8.48,2013-14*
0.743,67.4,8.48,2013-14*
0.743,67.4,8.48,2013-14*
0.743,67.4,8.48,2013-14*
0.743,67.4,8.48,2013-14*
0.743,67.4,8.48,2013-14*
0.743,67.4,8.48,2013-14*
0.743,67.4,8.48,2013-14*
0.743,67.4,8.48,2013-14*
0.743,67.4,8.48,2013-14*
0.743,67.4,8.48,2013-14*
0.743,67.4,8.48,2013-14*
0.743,67.4,8.48,2013-14*
W-L%,PTS,SOS,Season
0.833,65.3,9.54,2012-13*
0.833,65.3,9.54,2012-13*
0.833,65.3,9.54,2012-13*
0.833,65.3,9.54,2012-13*
0.833,65.3,9.54,2012-13*
0.833,65.3,9.54,2012-13*
0.833,65.3,9.54,2012-13*
0.833,65.3,9.54,2012-13*
0.833,65.3,9.54,2012-13*
0.833,65.3,9.54,2012-13*
0.833,65.3,9.54,2012-13*
0.833,65.3,9.54,2012-13*
0.833,65.3,9.54,2012-13*
0.833,65.3,9.54,2012-13*
W-L%,PTS,SOS,Season
0.794,68.6,8.4,2011-12*
0.794,68.6,8.4,2011-12*
0.794,68.6,8.4,2011-12*
0.794,68.6,8.4,2011-12*
0.794,68.6,8.4,2011-12*
0.794,68.6,8.4,2011-12*
0.794,68.6,8.4,2011-12*
0.794,68.6,8.4,2011-12*
0.794,68.6,8.4,2011-12*
0.794,68.6,8.4,2011-12*
0.794,68.6,8.4,2011-12*
0.794,68.6,8.4,2011-12*
0.794,68.6,8.4,2011-12*
0.794,68.6,8.4,2011-12*
W-L%,PTS,SOS,Season
0.865,64.7,8.32,2010-11* T
0.865,64.7,8.32,2010-11* T
0.865,64.7,8.32,2010-11* T
0.865,64.7,8.32,2010-11* T
0.865,64.7,8.32,2010-11* T
0.865,64.7,8.32,2010-11* T
0.865,64.7,8.32,2010-11* T
0.865,64.7,8.32,2010-11* T
0.865,64.7,8.32,2010-11* T
0.865,64.7,8.32,2010-11* T
0.865,64.7,8.32,2010-11* T
0.865,64.7,8.32,2010-11* T
0.865,64.7,8.32,2010-11* T
0.865,64.7,8.32,2010-11* T
W-L%,PTS,SOS,Season
0.875,61,9.21,2009-10* RTFN
0.875,61,9.21,2009-10* RTFN
0.875,61,9.21,2009-10* RTFN
0.875,61,9.21,2009-10* RTFN
0.875,61,9.21,2009-10* RTFN
0.875,61,9.21,2009-10* RTFN
0.875,61,9.21,2009-10* RTFN
0.875,61,9.21,2009-10* RTFN
0.875,61,9.21,2009-10* RTFN
0.875,61,9.21,2009-10* RTFN
0.875,61,9.21,2009-10* RTFN
0.875,61,9.21,2009-10* RTFN
0.875,61,9.21,2009-10* RTFN
0.875,61,9.21,2009-10* RTFN
W-L%,PTS,SOS,Season
0.811,65.9,9.07,2008-09* T
0.811,65.9,9.07,2008-09* T
0.811,65.9,9.07,2008-09* T
0.811,65.9,9.07,2008-09* T
0.811,65.9,9.07,2008-09* T
0.811,65.9,9.07,2008-09* T
0.811,65.9,9.07,2008-09* T
0.811,65.9,9.07,2008-09* T
0.811,65.9,9.07,2008-09* T
0.811,65.9,9.07,2008-09* T
0.811,65.9,9.07,2008-09* T
0.811,65.9,9.07,2008-09* T
0.811,65.9,9.07,2008-09* T
0.811,65.9,9.07,2008-09* T
W-L%,PTS,SOS,Season
0.824,69.4,9.28,2007-08*
0.824,69.4,9.28,2007-08*
0.824,69.4,9.28,2007-08*
0.824,69.4,9.28,2007-08*
0.824,69.4,9.28,2007-08*
0.824,69.4,9.28,2007-08*
0.824,69.4,9.28,2007-08*
0.824,69.4,9.28,2007-08*
0.824,69.4,9.28,2007-08*
0.824,69.4,9.28,2007-08*
0.824,69.4,9.28,2007-08*
0.824,69.4,9.28,2007-08*
0.824,69.4,9.28,2007-08*
0.824,69.4,9.28,2007-08*
W-L%,PTS,SOS,Season
0.667,62,10.49,2006-07*
0.667,62,10.49,2006-07*
0.667,62,10.49,2006-07*
0.667,62,10.49,2006-07*
0.667,62,10.49,2006-07*
0.667,62,10.49,2006-07*
0.667,62,10.49,2006-07*
0.667,62,10.49,2006-07*
0.667,62,10.49,2006-07*
0.667,62,10.49,2006-07*
0.667,62,10.49,2006-07*
0.667,62,10.49,2006-07*
0.667,62,10.49,2006-07*
0.667,62,10.49,2006-07*
W-L%,PTS,SOS,Season
0.889,68.1,8.77,2005-06* RT
0.889,68.1,8.77,2005-06* RT
0.889,68.1,8.77,2005-06* RT
0.889,68.1,8.77,2005-06* RT
0.889,68.1,8.77,2005-06* RT
0.889,68.1,8.77,2005-06* RT
0.889,68.1,8.77,2005-06* RT
0.889,68.1,8.77,2005-06* RT
0.889,68.1,8.77,2005-06* RT
0.889,68.1,8.77,2005-06* RT
0.889,68.1,8.77,2005-06* RT
0.889,68.1,8.77,2005-06* RT
0.889,68.1,8.77,2005-06* RT
0.889,68.1,8.77,2005-06* RT
W-L%,PTS,SOS,Season
0.818,65.2,10.04,2004-05* T
0.818,65.2,10.04,2004-05* T
0.818,65.2,10.04,2004-05* T
0.818,65.2,10.04,2004-05* T
0.818,65.2,10.04,2004-05* T
0.818,65.2,10.04,2004-05* T
0.818,65.2,10.04,2004-05* T
0.818,65.2,10.04,2004-05* T
0.818,65.2,10.04,2004-05* T
0.818,65.2,10.04,2004-05* T
0.818,65.2,10.04,2004-05* T
0.818,65.2,10.04,2004-05* T
0.818,65.2,10.04,2004-05* T
0.818,65.2,10.04,2004-05* T
W-L%,PTS,SOS,Season
0.838,65,10.86,2003-04* RF
0.838,65,10.86,2003-04* RF
0.838,65,10.86,2003-04* RF
0.838,65,10.86,2003-04* RF
0.838,65,10.86,2003-04* RF
0.838,65,10.86,2003-04* RF
0.838,65,10.86,2003-04* RF
0.838,65,10.86,2003-04* RF
0.838,65,10.86,2003-04* RF
0.838,65,10.86,2003-04* RF
0.838,65,10.86,2003-04* RF
0.838,65,10.86,2003-04* RF
0.838,65,10.86,2003-04* RF
0.838,65,10.86,2003-04* RF
W-L%,PTS,SOS,Season
0.788,69.6,8.38,2002-03* T
0.788,69.6,8.38,2002-03* T
0.788,69.6,8.38,2002-03* T
0.788,69.6,8.38,2002-03* T
0.788,69.6,8.38,2002-03* T
0.788,69.6,8.38,2002-03* T
0.788,69.6,8.38,2002-03* T
0.788,69.6,8.38,2002-03* T
0.788,69.6,8.38,2002-03* T
0.788,69.6,8.38,2002-03* T
0.788,69.6,8.38,2002-03* T
0.788,69.6,8.38,2002-03* T
0.788,69.6,8.38,2002-03* T
0.788,69.6,8.38,2002-03* T
W-L%,PTS,SOS,Season
0.886,69.2,9.16,2001-02* T
0.886,69.2,9.16,2001-02* T
0.886,69.2,9.16,2001-02* T
0.886,69.2,9.16,2001-02* T
0.886,69.2,9.16,2001-02* T
0.886,69.2,9.16,2001-02* T
0.886,69.2,9.16,2001-02* T
0.886,69.2,9.16,2001-02* T
0.886,69.2,9.16,2001-02* T
0.886,69.2,9.16,2001-02* T
0.886,69.2,9.16,2001-02* T
0.886,69.2,9.16,2001-02* T
0.886,69.2,9.16,2001-02* T
0.886,69.2,9.16,2001-02* T
W-L%,PTS,SOS,Season
0.897,70.5,11.98,2000-01* RTFN
0.897,70.5,11.98,2000-01* RTFN
0.897,70.5,11.98,2000-01* RTFN
0.897,70.5,11.98,2000-01* RTFN
0.897,70.5,11.98,2000-01* RTFN
0.897,70.5,11.98,2000-01* RTFN
0.897,70.5,11.98,2000-01* RTFN
0.897,70.5,11.98,2000-01* RTFN
0.897,70.5,11.98,2000-01* RTFN
0.897,70.5,11.98,2000-01* RTFN
0.897,70.5,11.98,2000-01* RTFN
0.897,70.5,11.98,2000-01* RTFN
0.897,70.5,11.98,2000-01* RTFN
0.897,70.5,11.98,2000-01* RTFN
W-L%,PTS,SOS,Season
0.853,71.3,8.88,1999-00* RT
0.853,71.3,8.88,1999-00* RT
0.853,71.3,8.88,1999-00* RT
0.853,71.3,8.88,1999-00* RT
0.853,71.3,8.88,1999-00* RT
0.853,71.3,8.88,1999-00* RT
0.853,71.3,8.88,1999-00* RT
0.853,71.3,8.88,1999-00* RT
0.853,71.3,8.88,1999-00* RT
0.853,71.3,8.88,1999-00* RT
0.853,71.3,8.88,1999-00* RT
0.853,71.3,8.88,1999-00* RT
0.853,71.3,8.88,1999-00* RT
0.853,71.3,8.88,1999-00* RT
W-L%,PTS,SOS,Season
0.949,67.2,10.14,1998-99* RTF
0.949,67.2,10.14,1998-99* RTF
0.949,67.2,10.14,1998-99* RTF
0.949,67.2,10.14,1998-99* RTF
0.949,67.2,10.14,1998-99* RTF
0.949,67.2,10.14,1998-99* RTF
0.949,67.2,10.14,1998-99* RTF
0.949,67.2,10.14,1998-99* RTF
0.949,67.2,10.14,1998-99* RTF
0.949,67.2,10.14,1998-99* RTF
0.949,67.2,10.14,1998-99* RTF
0.949,67.2,10.14,1998-99* RTF
0.949,67.2,10.14,1998-99* RTF
0.949,67.2,10.14,1998-99* RTF
W-L%,PTS,SOS,Season
0.889,64.1,9.33,1997-98* R
0.889,64.1,9.33,1997-98* R
0.889,64.1,9.33,1997-98* R
0.889,64.1,9.33,1997-98* R
0.889,64.1,9.33,1997-98* R
0.889,64.1,9.33,1997-98* R
0.889,64.1,9.33,1997-98* R
0.889,64.1,9.33,1997-98* R
0.889,64.1,9.33,1997-98* R
0.889,64.1,9.33,1997-98* R
0.889,64.1,9.33,1997-98* R
0.889,64.1,9.33,1997-98* R
0.889,64.1,9.33,1997-98* R
0.889,64.1,9.33,1997-98* R
W-L%,PTS,SOS,Season
0.727,66.2,9.27,1996-97* R
0.727,66.2,9.27,1996-97* R
0.727,66.2,9.27,1996-97* R
0.727,66.2,9.27,1996-97* R
0.727,66.2,9.27,1996-97* R
0.727,66.2,9.27,1996-97* R
0.727,66.2,9.27,1996-97* R
0.727,66.2,9.27,1996-97* R
0.727,66.2,9.27,1996-97* R
0.727,66.2,9.27,1996-97* R
0.727,66.2,9.27,1996-97* R
0.727,66.2,9.27,1996-97* R
0.727,66.2,9.27,1996-97* R
0.727,66.2,9.27,1996-97* R
W-L%,PTS,SOS,Season
W-L%,PTS,SOS,Season
W-L%,PTS,SOS,Season
W-L%,PTS,SOS,Season
W-L%,PTS,SOS,Season
W-L%,PTS,SOS,Season
W-L%,PTS,SOS,Season
W-L%,PTS,SOS,Season
W-L%,PTS,SOS,Season
W-L%,PTS,SOS,Season
W-L%,PTS,SOS,Season
W-L%,PTS,SOS,Season
W-L%,PTS,SOS,Season
W-L%,PTS,SOS,Season
W-L%,PTS,SOS,Season
W-L%,PTS,SOS,Season
0.581,69.8,10.48,1995-96*
0.581,69.8,10.48,1995-96*
0.581,69.8,10.48,1995-96*
0.581,69.8,10.48,1995-96*
0.581,69.8,10.48,1995-96*
0.581,69.8,10.48,1995-96*
0.581,69.8,10.48,1995-96*
0.581,69.8,10.48,1995-96*
0.581,69.8,10.48,1995-96*
0.581,69.8,10.48,1995-96*
0.581,69.8,10.48,1995-96*
0.581,69.8,10.48,1995-96*
0.581,69.8,10.48,1995-96*
0.581,69.8,10.48,1995-96*
W-L%,PTS,SOS,Season
0.419,,11.89,1994-95
0.419,,11.89,1994-95
0.419,,11.89,1994-95
0.419,,11.89,1994-95
0.419,,11.89,1994-95
0.419,,11.89,1994-95
0.419,,11.89,1994-95
0.419,,11.89,1994-95
0.419,,11.89,1994-95
0.419,,11.89,1994-95
0.419,,11.89,1994-95
0.419,,11.89,1994-95
0.419,,11.89,1994-95
0.419,,11.89,1994-95
W-L%,PTS,SOS,Season
0.824,,8.92,1993-94* RF
0.824,,8.92,1993-94* RF
0.824,,8.92,1993-94* RF
0.824,,8.92,1993-94* RF
0.824,,8.92,1993-94* RF
0.824,,8.92,1993-94* RF
0.824,,8.92,1993-94* RF
0.824,,8.92,1993-94* RF
0.824,,8.92,1993-94* RF
0.824,,8.92,1993-94* RF
0.824,,8.92,1993-94* RF
0.824,,8.92,1993-94* RF
0.824,,8.92,1993-94* RF
0.824,,8.92,1993-94* RF
W-L%,PTS,SOS,Season
0.75,,10.76,1992-93*
0.75,,10.76,1992-93*
0.75,,10.76,1992-93*
0.75,,10.76,1992-93*
0.75,,10.76,1992-93*
0.75,,10.76,1992-93*
0.75,,10.76,1992-93*
0.75,,10.76,1992-93*
0.75,,10.76,1992-93*
0.75,,10.76,1992-93*
0.75,,10.76,1992-93*
0.75,,10.76,1992-93*
0.75,,10.76,1992-93*
0.75,,10.76,1992-93*
W-L%,PTS,SOS,Season
0.944,,10.18,1991-92* RTFN
0.944,,10.18,1991-92* RTFN
0.944,,10.18,1991-92* RTFN
0.944,,10.18,1991-92* RTFN
0.944,,10.18,1991-92* RTFN
0.944,,10.18,1991-92* RTFN
0.944,,10.18,1991-92* RTFN
0.944,,10.18,1991-92* RTFN
0.944,,10.18,1991-92* RTFN
0.944,,10.18,1991-92* RTFN
0.944,,10.18,1991-92* RTFN
0.944,,10.18,1991-92* RTFN
0.944,,10.18,1991-92* RTFN
0.944,,10.18,1991-92* RTFN
W-L%,PTS,SOS,Season
0.821,,10.62,1990-91* RFN
0.821,,10.62,1990-91* RFN
0.821,,10.62,1990-91* RFN
0.821,,10.62,1990-91* RFN
0.821,,10.62,1990-91* RFN
0.821,,10.62,1990-91* RFN
0.821,,10.62,1990-91* RFN
0.821,,10.62,1990-91* RFN
0.821,,10.62,1990-91* RFN
0.821,,10.62,1990-91* RFN
0.821,,10.62,1990-91* RFN
0.821,,10.62,1990-91* RFN
0.821,,10.62,1990-91* RFN
0.821,,10.62,1990-91* RFN
W-L%,PTS,SOS,Season
0.763,,8.81,1989-90* F
0.763,,8.81,1989-90* F
0.763,,8.81,1989-90* F
0.763,,8.81,1989-90* F
0.763,,8.81,1989-90* F
0.763,,8.81,1989-90* F
0.763,,8.81,1989-90* F
0.763,,8.81,1989-90* F
0.763,,8.81,1989-90* F
0.763,,8.81,1989-90* F
0.763,,8.81,1989-90* F
0.763,,8.81,1989-90* F
0.763,,8.81,1989-90* F
0.763,,8.81,1989-90* F
W-L%,PTS,SOS,Season
0.778,,8.19,1988-89* F
0.778,,8.19,1988-89* F
0.778,,8.19,1988-89* F
0.778,,8.19,1988-89* F
0.778,,8.19,1988-89* F
0.778,,8.19,1988-89* F
0.778,,8.19,1988-89* F
0.778,,8.19,1988-89* F
0.778,,8.19,1988-89* F
0.778,,8.19,1988-89* F
0.778,,8.19,1988-89* F
0.778,,8.19,1988-89* F
0.778,,8.19,1988-89* F
0.778,,8.19,1988-89* F
W-L%,PTS,SOS,Season
0.8,,8.38,1987-88* TF
0.8,,8.38,1987-88* TF
0.8,,8.38,1987-88* TF
0.8,,8.38,1987-88* TF
0.8,,8.38,1987-88* TF
0.8,,8.38,1987-88* TF
0.8,,8.38,1987-88* TF
0.8,,8.38,1987-88* TF
0.8,,8.38,1987-88* TF
0.8,,8.38,1987-88* TF
0.8,,8.38,1987-88* TF
0.8,,8.38,1987-88* TF
0.8,,8.38,1987-88* TF
0.8,,8.38,1987-88* TF
W-L%,PTS,SOS,Season
0.727,,7.16,1986-87*
0.727,,7.16,1986-87*
0.727,,7.16,1986-87*
0.727,,7.16,1986-87*
0.727,,7.16,1986-87*
0.727,,7.16,1986-87*
0.727,,7.16,1986-87*
0.727,,7.16,1986-87*
0.727,,7.16,1986-87*
0.727,,7.16,1986-87*
0.727,,7.16,1986-87*
0.727,,7.16,1986-87*
0.727,,7.16,1986-87*
0.727,,7.16,1986-87*
W-L%,PTS,SOS,Season
0.925,,9.5,1985-86* RTF
0.925,,9.5,1985-86* RTF
0.925,,9.5,1985-86* RTF
0.925,,9.5,1985-86* RTF
0.925,,9.5,1985-86* RTF
0.925,,9.5,1985-86* RTF
0.925,,9.5,1985-86* RTF
0.925,,9.5,1985-86* RTF
0.925,,9.5,1985-86* RTF
0.925,,9.5,1985-86* RTF
0.925,,9.5,1985-86* RTF
0.925,,9.5,1985-86* RTF
0.925,,9.5,1985-86* RTF
0.925,,9.5,1985-86* RTF
W-L%,PTS,SOS,Season
0.742,,7.38,1984-85*
0.742,,7.38,1984-85*
0.742,,7.38,1984-85*
0.742,,7.38,1984-85*
0.742,,7.38,1984-85*
0.742,,7.38,1984-85*
0.742,,7.38,1984-85*
0.742,,7.38,1984-85*
0.742,,7.38,1984-85*
0.742,,7.38,1984-85*
0.742,,7.38,1984-85*
0.742,,7.38,1984-85*
0.742,,7.38,1984-85*
0.742,,7.38,1984-85*
W-L%,PTS,SOS,Season
0.706,,6.92,1983-84*
0.706,,6.92,1983-84*
0.706,,6.92,1983-84*
0.706,,6.92,1983-84*
0.706,,6.92,1983-84*
0.706,,6.92,1983-84*
0.706,,6.92,1983-84*
0.706,,6.92,1983-84*
0.706,,6.92,1983-84*
0.706,,6.92,1983-84*
0.706,,6.92,1983-84*
0.706,,6.92,1983-84*
0.706,,6.92,1983-84*
0.706,,6.92,1983-84*
W-L%,PTS,SOS,Season
0.393,,6.42,1982-83
0.393,,6.42,1982-83
0.393,,6.42,1982-83
0.393,,6.42,1982-83
0.393,,6.42,1982-83
0.393,,6.42,1982-83
0.393,,6.42,1982-83
0.393,,6.42,1982-83
0.393,,6.42,1982-83
0.393,,6.42,1982-83
0.393,,6.42,1982-83
0.393,,6.42,1982-83
0.393,,6.42,1982-83
0.393,,6.42,1982-83
W-L%,PTS,SOS,Season
0.37,,7.17,1981-82
0.37,,7.17,1981-82
0.37,,7.17,1981-82
0.37,,7.17,1981-82
0.37,,7.17,1981-82
0.37,,7.17,1981-82
0.37,,7.17,1981-82
0.37,,7.17,1981-82
0.37,,7.17,1981-82
0.37,,7.17,1981-82
0.37,,7.17,1981-82
0.37,,7.17,1981-82
0.37,,7.17,1981-82
0.37,,7.17,1981-82
W-L%,PTS,SOS,Season
0.567,,7.11,1980-81
0.567,,7.11,1980-81
0.567,,7.11,1980-81
0.567,,7.11,1980-81
0.567,,7.11,1980-81
0.567,,7.11,1980-81
0.567,,7.11,1980-81
0.567,,7.11,1980-81
0.567,,7.11,1980-81
0.567,,7.11,1980-81
0.567,,7.11,1980-81
0.567,,7.11,1980-81
0.567,,7.11,1980-81
0.567,,7.11,1980-81
W-L%,PTS,SOS,Season
0.727,,8.25,1979-80* T
0.727,,8.25,1979-80* T
0.727,,8.25,1979-80* T
0.727,,8.25,1979-80* T
0.727,,8.25,1979-80* T
0.727,,8.25,1979-80* T
0.727,,8.25,1979-80* T
0.727,,8.25,1979-80* T
0.727,,8.25,1979-80* T
0.727,,8.25,1979-80* T
0.727,,8.25,1979-80* T
0.727,,8.25,1979-80* T
0.727,,8.25,1979-80* T
0.727,,8.25,1979-80* T
W-L%,PTS,SOS,Season
0.733,,8.99,1978-79* R
0.733,,8.99,1978-79* R
0.733,,8.99,1978-79* R
0.733,,8.99,1978-79* R
0.733,,8.99,1978-79* R
0.733,,8.99,1978-79* R
0.733,,8.99,1978-79* R
0.733,,8.99,1978-79* R
0.733,,8.99,1978-79* R
0.733,,8.99,1978-79* R
0.733,,8.99,1978-79* R
0.733,,8.99,1978-79* R
0.733,,8.99,1978-79* R
0.733,,8.99,1978-79* R
W-L%,PTS,SOS,Season
0.794,,7.87,1977-78* TF
0.794,,7.87,1977-78* TF
0.794,,7.87,1977-78* TF
0.794,,7.87,1977-78* TF
0.794,,7.87,1977-78* TF
0.794,,7.87,1977-78* TF
0.794,,7.87,1977-78* TF
0.794,,7.87,1977-78* TF
0.794,,7.87,1977-78* TF
0.794,,7.87,1977-78* TF
0.794,,7.87,1977-78* TF
0.794,,7.87,1977-78* TF
0.794,,7.87,1977-78* TF
0.794,,7.87,1977-78* TF
W-L%,PTS,SOS,Season
0.519,,7.95,1976-77
0.519,,7.95,1976-77
0.519,,7.95,1976-77
0.519,,7.95,1976-77
0.519,,7.95,1976-77
0.519,,7.95,1976-77
0.519,,7.95,1976-77
0.519,,7.95,1976-77
0.519,,7.95,1976-77
0.519,,7.95,1976-77
0.519,,7.95,1976-77
0.519,,7.95,1976-77
0.519,,7.95,1976-77
0.519,,7.95,1976-77
W-L%,PTS,SOS,Season
W-L%,PTS,SOS,Season
W-L%,PTS,SOS,Season
W-L%,PTS,SOS,Season
W-L%,PTS,SOS,Season
W-L%,PTS,SOS,Season
W-L%,PTS,SOS,Season
W-L%,PTS,SOS,Season
W-L%,PTS,SOS,Season
W-L%,PTS,SOS,Season
W-L%,PTS,SOS,Season
W-L%,PTS,SOS,Season
W-L%,PTS,SOS,Season
W-L%,PTS,SOS,Season
W-L%,PTS,SOS,Season
W-L%,PTS,SOS,Season
0.481,,8.84,1975-76
0.481,,8.84,1975-76
0.481,,8.84,1975-76
0.481,,8.84,1975-76
0.481,,8.84,1975-76
0.481,,8.84,1975-76
0.481,,8.84,1975-76
0.481,,8.84,1975-76
0.481,,8.84,1975-76
0.481,,8.84,1975-76
0.481,,8.84,1975-76
0.481,,8.84,1975-76
0.481,,8.84,1975-76
0.481,,8.84,1975-76
W-L%,PTS,SOS,Season
0.5,,7,1974-75
0.5,,7,1974-75
0.5,,7,1974-75
0.5,,7,1974-75
0.5,,7,1974-75
0.5,,7,1974-75
0.5,,7,1974-75
0.5,,7,1974-75
0.5,,7,1974-75
0.5,,7,1974-75
0.5,,7,1974-75
0.5,,7,1974-75
0.5,,7,1974-75
0.5,,7,1974-75
W-L%,PTS,SOS,Season
0.385,,7.85,1973-74
0.385,,7.85,1973-74
0.385,,7.85,1973-74
0.385,,7.85,1973-74
0.385,,7.85,1973-74
0.385,,7.85,1973-74
0.385,,7.85,1973-74
0.385,,7.85,1973-74
0.385,,7.85,1973-74
0.385,,7.85,1973-74
0.385,,7.85,1973-74
0.385,,7.85,1973-74
0.385,,7.85,1973-74
0.385,,7.85,1973-74
W-L%,PTS,SOS,Season
0.462,,6.54,1972-73
0.462,,6.54,1972-73
0.462,,6.54,1972-73
0.462,,6.54,1972-73
0.462,,6.54,1972-73
0.462,,6.54,1972-73
0.462,,6.54,1972-73
0.462,,6.54,1972-73
0.462,,6.54,1972-73
0.462,,6.54,1972-73
0.462,,6.54,1972-73
0.462,,6.54,1972-73
0.462,,6.54,1972-73
0.462,,6.54,1972-73
W-L%,PTS,SOS,Season
0.538,,6.4,1971-72
0.538,,6.4,1971-72
0.538,,6.4,1971-72
0.538,,6.4,1971-72
0.538,,6.4,1971-72
0.538,,6.4,1971-72
0.538,,6.4,1971-72
0.538,,6.4,1971-72
0.538,,6.4,1971-72
0.538,,6.4,1971-72
0.538,,6.4,1971-72
0.538,,6.4,1971-72
0.538,,6.4,1971-72
0.538,,6.4,1971-72
W-L%,PTS,SOS,Season
0.667,,6.23,1970-71
0.667,,6.23,1970-71
0.667,,6.23,1970-71
0.667,,6.23,1970-71
0.667,,6.23,1970-71
0.667,,6.23,1970-71
0.667,,6.23,1970-71
0.667,,6.23,1970-71
0.667,,6.23,1970-71
0.667,,6.23,1970-71
0.667,,6.23,1970-71
0.667,,6.23,1970-71
0.667,,6.23,1970-71
0.667,,6.23,1970-71
W-L%,PTS,SOS,Season
0.654,,4.79,1969-70
0.654,,4.79,1969-70
0.654,,4.79,1969-70
0.654,,4.79,1969-70
0.654,,4.79,1969-70
0.654,,4.79,1969-70
0.654,,4.79,1969-70
0.654,,4.79,1969-70
0.654,,4.79,1969-70
0.654,,4.79,1969-70
0.654,,4.79,1969-70
0.654,,4.79,1969-70
0.654,,4.79,1969-70
0.654,,4.79,1969-70
W-L%,PTS,SOS,Season
0.536,,4.71,1968-69
0.536,,4.71,1968-69
0.536,,4.71,1968-69
0.536,,4.71,1968-69
0.536,,4.71,1968-69
0.536,,4.71,1968-69
0.536,,4.71,1968-69
0.536,,4.71,1968-69
0.536,,4.71,1968-69
0.536,,4.71,1968-69
0.536,,4.71,1968-69
0.536,,4.71,1968-69
0.536,,4.71,1968-69
0.536,,4.71,1968-69
W-L%,PTS,SOS,Season
0.786,,1.78,1967-68
0.786,,1.78,1967-68
0.786,,1.78,1967-68
0.786,,1.78,1967-68
0.786,,1.78,1967-68
0.786,,1.78,1967-68
0.786,,1.78,1967-68
0.786,,1.78,1967-68
0.786,,1.78,1967-68
0.786,,1.78,1967-68
0.786,,1.78,1967-68
0.786,,1.78,1967-68
0.786,,1.78,1967-68
0.786,,1.78,1967-68
W-L%,PTS,SOS,Season
0.667,,5.59,1966-67
0.667,,5.59,1966-67
0.667,,5.59,1966-67
0.667,,5.59,1966-67
0.667,,5.59,1966-67
0.667,,5.59,1966-67
0.667,,5.59,1966-67
0.667,,5.59,1966-67
0.667,,5.59,1966-67
0.667,,5.59,1966-67
0.667,,5.59,1966-67
0.667,,5.59,1966-67
0.667,,5.59,1966-67
0.667,,5.59,1966-67
W-L%,PTS,SOS,Season
0.867,,6.83,1965-66* RTF
0.867,,6.83,1965-66* RTF
0.867,,6.83,1965-66* RTF
0.867,,6.83,1965-66* RTF
0.867,,6.83,1965-66* RTF
0.867,,6.83,1965-66* RTF
0.867,,6.83,1965-66* RTF
0.867,,6.83,1965-66* RTF
0.867,,6.83,1965-66* RTF
0.867,,6.83,1965-66* RTF
0.867,,6.83,1965-66* RTF
0.867,,6.83,1965-66* RTF
0.867,,6.83,1965-66* RTF
0.867,,6.83,1965-66* RTF
W-L%,PTS,SOS,Season
0.8,,2.71,1964-65 R
0.8,,2.71,1964-65 R
0.8,,2.71,1964-65 R
0.8,,2.71,1964-65 R
0.8,,2.71,1964-65 R
0.8,,2.71,1964-65 R
0.8,,2.71,1964-65 R
0.8,,2.71,1964-65 R
0.8,,2.71,1964-65 R
0.8,,2.71,1964-65 R
0.8,,2.71,1964-65 R
0.8,,2.71,1964-65 R
0.8,,2.71,1964-65 R
0.8,,2.71,1964-65 R
W-L%,PTS,SOS,Season
0.839,,4.06,1963-64* RTF
0.839,,4.06,1963-64* RTF
0.839,,4.06,1963-64* RTF
0.839,,4.06,1963-64* RTF
0.839,,4.06,1963-64* RTF
0.839,,4.06,1963-64* RTF
0.839,,4.06,1963-64* RTF
0.839,,4.06,1963-64* RTF
0.839,,4.06,1963-64* RTF
0.839,,4.06,1963-64* RTF
0.839,,4.06,1963-64* RTF
0.839,,4.06,1963-64* RTF
0.839,,4.06,1963-64* RTF
0.839,,4.06,1963-64* RTF
W-L%,PTS,SOS,Season
0.9,,2.15,1962-63* RTF
0.9,,2.15,1962-63* RTF
0.9,,2.15,1962-63* RTF
0.9,,2.15,1962-63* RTF
0.9,,2.15,1962-63* RTF
0.9,,2.15,1962-63* RTF
0.9,,2.15,1962-63* RTF
0.9,,2.15,1962-63* RTF
0.9,,2.15,1962-63* RTF
0.9,,2.15,1962-63* RTF
0.9,,2.15,1962-63* RTF
0.9,,2.15,1962-63* RTF
0.9,,2.15,1962-63* RTF
0.9,,2.15,1962-63* RTF
W-L%,PTS,SOS,Season
0.8,,2.15,1961-62
0.8,,2.15,1961-62
0.8,,2.15,1961-62
0.8,,2.15,1961-62
0.8,,2.15,1961-62
0.8,,2.15,1961-62
0.8,,2.15,1961-62
0.8,,2.15,1961-62
0.8,,2.15,1961-62
0.8,,2.15,1961-62
0.8,,2.15,1961-62
0.8,,2.15,1961-62
0.8,,2.15,1961-62
0.8,,2.15,1961-62
W-L%,PTS,SOS,Season
0.786,,-0.89,1960-61
0.786,,-0.89,1960-61
0.786,,-0.89,1960-61
0.786,,-0.89,1960-61
0.786,,-0.89,1960-61
0.786,,-0.89,1960-61
0.786,,-0.89,1960-61
0.786,,-0.89,1960-61
0.786,,-0.89,1960-61
0.786,,-0.89,1960-61
0.786,,-0.89,1960-61
0.786,,-0.89,1960-61
0.786,,-0.89,1960-61
0.786,,-0.89,1960-61
W-L%,PTS,SOS,Season
0.607,,2.93,1959-60* T
0.607,,2.93,1959-60* T
0.607,,2.93,1959-60* T
0.607,,2.93,1959-60* T
0.607,,2.93,1959-60* T
0.607,,2.93,1959-60* T
0.607,,2.93,1959-60* T
0.607,,2.93,1959-60* T
0.607,,2.93,1959-60* T
0.607,,2.93,1959-60* T
0.607,,2.93,1959-60* T
0.607,,2.93,1959-60* T
0.607,,2.93,1959-60* T
0.607,,2.93,1959-60* T
W-L%,PTS,SOS,Season
0.52,,2.85,1958-59
0.52,,2.85,1958-59
0.52,,2.85,1958-59
0.52,,2.85,1958-59
0.52,,2.85,1958-59
0.52,,2.85,1958-59
0.52,,2.85,1958-59
0.52,,2.85,1958-59
0.52,,2.85,1958-59
0.52,,2.85,1958-59
0.52,,2.85,1958-59
0.52,,2.85,1958-59
0.52,,2.85,1958-59
0.52,,2.85,1958-59
W-L%,PTS,SOS,Season
0.72,,1.29,1957-58 R
0.72,,1.29,1957-58 R
0.72,,1.29,1957-58 R
0.72,,1.29,1957-58 R
0.72,,1.29,1957-58 R
0.72,,1.29,1957-58 R
0.72,,1.29,1957-58 R
0.72,,1.29,1957-58 R
0.72,,1.29,1957-58 R
0.72,,1.29,1957-58 R
0.72,,1.29,1957-58 R
0.72,,1.29,1957-58 R
0.72,,1.29,1957-58 R
0.72,,1.29,1957-58 R
W-L%,PTS,SOS,Season
0.542,,3.26,1956-57
0.542,,3.26,1956-57
0.542,,3.26,1956-57
0.542,,3.26,1956-57
0.542,,3.26,1956-57
0.542,,3.26,1956-57
0.542,,3.26,1956-57
0.542,,3.26,1956-57
0.542,,3.26,1956-57
0.542,,3.26,1956-57
0.542,,3.26,1956-57
0.542,,3.26,1956-57
0.542,,3.26,1956-57
0.542,,3.26,1956-57
W-L%,PTS,SOS,Season
W-L%,PTS,SOS,Season
W-L%,PTS,SOS,Season
W-L%,PTS,SOS,Season
W-L%,PTS,SOS,Season
W-L%,PTS,SOS,Season
W-L%,PTS,SOS,Season
W-L%,PTS,SOS,Season
W-L%,PTS,SOS,Season
W-L%,PTS,SOS,Season
W-L%,PTS,SOS,Season
W-L%,PTS,SOS,Season
W-L%,PTS,SOS,Season
W-L%,PTS,SOS,Season
W-L%,PTS,SOS,Season
W-L%,PTS,SOS,Season
0.731,,3.36,1955-56
0.731,,3.36,1955-56
0.731,,3.36,1955-56
0.731,,3.36,1955-56
0.731,,3.36,1955-56
0.731,,3.36,1955-56
0.731,,3.36,1955-56
0.731,,3.36,1955-56
0.731,,3.36,1955-56
0.731,,3.36,1955-56
0.731,,3.36,1955-56
0.731,,3.36,1955-56
0.731,,3.36,1955-56
0.731,,3.36,1955-56
W-L%,PTS,SOS,Season
0.714,,0.13,1954-55*
0.714,,0.13,1954-55*
0.714,,0.13,1954-55*
0.714,,0.13,1954-55*
0.714,,0.13,1954-55*
0.714,,0.13,1954-55*
0.714,,0.13,1954-55*
0.714,,0.13,1954-55*
0.714,,0.13,1954-55*
0.714,,0.13,1954-55*
0.714,,0.13,1954-55*
0.714,,0.13,1954-55*
0.714,,0.13,1954-55*
0.714,,0.13,1954-55*
W-L%,PTS,SOS,Season
0.778,,-1.72,1953-54 R
0.778,,-1.72,1953-54 R
0.778,,-1.72,1953-54 R
0.778,,-1.72,1953-54 R
0.778,,-1.72,1953-54 R
0.778,,-1.72,1953-54 R
0.778,,-1.72,1953-54 R
0.778,,-1.72,1953-54 R
0.778,,-1.72,1953-54 R
0.778,,-1.72,1953-54 R
0.778,,-1.72,1953-54 R
0.778,,-1.72,1953-54 R
0.778,,-1.72,1953-54 R
0.778,,-1.72,1953-54 R
W-L%,PTS,SOS,Season
0.68,,-1.19,1952-53
0.68,,-1.19,1952-53
0.68,,-1.19,1952-53
0.68,,-1.19,1952-53
0.68,,-1.19,1952-53
0.68,,-1.19,1952-53
0.68,,-1.19,1952-53
0.68,,-1.19,1952-53
0.68,,-1.19,1952-53
0.68,,-1.19,1952-53
0.68,,-1.19,1952-53
0.68,,-1.19,1952-53
0.68,,-1.19,1952-53
0.68,,-1.19,1952-53
W-L%,PTS,SOS,Season
0.8,,-4.22,1951-52
0.8,,-4.22,1951-52
0.8,,-4.22,1951-52
0.8,,-4.22,1951-52
0.8,,-4.22,1951-52
0.8,,-4.22,1951-52
0.8,,-4.22,1951-52
0.8,,-4.22,1951-52
0.8,,-4.22,1951-52
0.8,,-4.22,1951-52
0.8,,-4.22,1951-52
0.8,,-4.22,1951-52
0.8,,-4.22,1951-52
0.8,,-4.22,1951-52
W-L%,PTS,SOS,Season
0.606,,-6.34,1950-51
0.606,,-6.34,1950-51
0.606,,-6.34,1950-51
0.606,,-6.34,1950-51
0.606,,-6.34,1950-51
0.606,,-6.34,1950-51
0.606,,-6.34,1950-51
0.606,,-6.34,1950-51
0.606,,-6.34,1950-51
0.606,,-6.34,1950-51
0.606,,-6.34,1950-51
0.606,,-6.34,1950-51
0.606,,-6.34,1950-51
0.606,,-6.34,1950-51
W-L%,PTS,SOS,Season
0.5,,-7.18,1949-50
0.5,,-7.18,1949-50
0.5,,-7.18,1949-50
0.5,,-7.18,1949-50
0.5,,-7.18,1949-50
0.5,,-7.18,1949-50
0.5,,-7.18,1949-50
0.5,,-7.18,1949-50
0.5,,-7.18,1949-50
0.5,,-7.18,1949-50
0.5,,-7.18,1949-50
0.5,,-7.18,1949-50
0.5,,-7.18,1949-50
0.5,,-7.18,1949-50
W-L%,PTS,SOS,Season
0.591,,,1948-49
0.591,,,1948-49
0.591,,,1948-49
0.591,,,1948-49
0.591,,,1948-49
0.591,,,1948-49
0.591,,,1948-49
0.591,,,1948-49
0.591,,,1948-49
0.591,,,1948-49
0.591,,,1948-49
0.591,,,1948-49
0.591,,,1948-49
0.591,,,1948-49
W-L%,PTS,SOS,Season
0.586,,,1947-48
0.586,,,1947-48
0.586,,,1947-48
0.586,,,1947-48
0.586,,,1947-48
0.586,,,1947-48
0.586,,,1947-48
0.586,,,1947-48
0.586,,,1947-48
0.586,,,1947-48
0.586,,,1947-48
0.586,,,1947-48
0.586,,,1947-48
0.586,,,1947-48
W-L%,PTS,SOS,Season
0.704,,,1946-47
0.704,,,1946-47
0.704,,,1946-47
0.704,,,1946-47
0.704,,,1946-47
0.704,,,1946-47
0.704,,,1946-47
0.704,,,1946-47
0.704,,,1946-47
0.704,,,1946-47
0.704,,,1946-47
0.704,,,1946-47
0.704,,,1946-47
0.704,,,1946-47
W-L%,PTS,SOS,Season
0.778,,,1945-46 T
0.778,,,1945-46 T
0.778,,,1945-46 T
0.778,,,1945-46 T
0.778,,,1945-46 T
0.778,,,1945-46 T
0.778,,,1945-46 T
0.778,,,1945-46 T
0.778,,,1945-46 T
0.778,,,1945-46 T
0.778,,,1945-46 T
0.778,,,1945-46 T
0.778,,,1945-46 T
0.778,,,1945-46 T
W-L%,PTS,SOS,Season
0.591,,,1944-45
0.591,,,1944-45
0.591,,,1944-45
0.591,,,1944-45
0.591,,,1944-45
0.591,,,1944-45
0.591,,,1944-45
0.591,,,1944-45
0.591,,,1944-45
0.591,,,1944-45
0.591,,,1944-45
0.591,,,1944-45
0.591,,,1944-45
0.591,,,1944-45
W-L%,PTS,SOS,Season
0.5,,,1943-44 T
0.5,,,1943-44 T
0.5,,,1943-44 T
0.5,,,1943-44 T
0.5,,,1943-44 T
0.5,,,1943-44 T
0.5,,,1943-44 T
0.5,,,1943-44 T
0.5,,,1943-44 T
0.5,,,1943-44 T
0.5,,,1943-44 T
0.5,,,1943-44 T
0.5,,,1943-44 T
0.5,,,1943-44 T
W-L%,PTS,SOS,Season
0.769,,,1942-43 R
0.769,,,1942-43 R
0.769,,,1942-43 R
0.769,,,1942-43 R
0.769,,,1942-43 R
0.769,,,1942-43 R
0.769,,,1942-43 R
0.769,,,1942-43 R
0.769,,,1942-43 R
0.769,,,1942-43 R
0.769,,,1942-43 R
0.769,,,1942-43 R
0.769,,,1942-43 R
0.769,,,1942-43 R
W-L%,PTS,SOS,Season
0.917,,,1941-42 RT
0.917,,,1941-42 RT
0.917,,,1941-42 RT
0.917,,,1941-42 RT
0.917,,,1941-42 RT
0.917,,,1941-42 RT
0.917,,,1941-42 RT
0.917,,,1941-42 RT
0.917,,,1941-42 RT
0.917,,,1941-42 RT
0.917,,,1941-42 RT
0.917,,,1941-42 RT
0.917,,,1941-42 RT
0.917,,,1941-42 RT
W-L%,PTS,SOS,Season
0.636,,,1940-41 T
0.636,,,1940-41 T
0.636,,,1940-41 T
0.636,,,1940-41 T
0.636,,,1940-41 T
0.636,,,1940-41 T
0.636,,,1940-41 T
0.636,,,1940-41 T
0.636,,,1940-41 T
0.636,,,1940-41 T
0.636,,,1940-41 T
0.636,,,1940-41 T
0.636,,,1940-41 T
0.636,,,1940-41 T
W-L%,PTS,SOS,Season
0.731,,,1939-40 R
0.731,,,1939-40 R
0.731,,,1939-40 R
0.731,,,1939-40 R
0.731,,,1939-40 R
0.731,,,1939-40 R
0.731,,,1939-40 R
0.731,,,1939-40 R
0.731,,,1939-40 R
0.731,,,1939-40 R
0.731,,,1939-40 R
0.731,,,1939-40 R
0.731,,,1939-40 R
0.731,,,1939-40 R
W-L%,PTS,SOS,Season
0.455,,,1938-39
0.455,,,1938-39
0.455,,,1938-39
0.455,,,1938-39
0.455,,,1938-39
0.455,,,1938-39
0.455,,,1938-39
0.455,,,1938-39
0.455,,,1938-39
0.455,,,1938-39
0.455,,,1938-39
0.455,,,1938-39
0.455,,,1938-39
0.455,,,1938-39
W-L%,PTS,SOS,Season
0.625,,,1937-38
0.625,,,1937-38
0.625,,,1937-38
0.625,,,1937-38
0.625,,,1937-38
0.625,,,1937-38
0.625,,,1937-38
0.625,,,1937-38
0.625,,,1937-38
0.625,,,1937-38
0.625,,,1937-38
0.625,,,1937-38
0.625,,,1937-38
0.625,,,1937-38
W-L%,PTS,SOS,Season
0.652,,,1936-37
0.652,,,1936-37
0.652,,,1936-37
0.652,,,1936-37
0.652,,,1936-37
0.652,,,1936-37
0.652,,,1936-37
0.652,,,1936-37
0.652,,,1936-37
0.652,,,1936-37
0.652,,,1936-37
0.652,,,1936-37
0.652,,,1936-37
0.652,,,1936-37
W-L%,PTS,SOS,Season
W-L%,PTS,SOS,Season
W-L%,PTS,SOS,Season
W-L%,PTS,SOS,Season
W-L%,PTS,SOS,Season
W-L%,PTS,SOS,Season
W-L%,PTS,SOS,Season
W-L%,PTS,SOS,Season
W-L%,PTS,SOS,Season
W-L%,PTS,SOS,Season
W-L%,PTS,SOS,Season
W-L%,PTS,SOS,Season
W-L%,PTS,SOS,Season
W-L%,PTS,SOS,Season
W-L%,PTS,SOS,Season
W-L%,PTS,SOS,Season
0.769,,,1935-36
0.769,,,1935-36
0.769,,,1935-36
0.769,,,1935-36
0.769,,,1935-36
0.769,,,1935-36
0.769,,,1935-36
0.769,,,1935-36
0.769,,,1935-36
0.769,,,1935-36
0.769,,,1935-36
0.769,,,1935-36
0.769,,,1935-36
0.769,,,1935-36
W-L%,PTS,SOS,Season
0.692,,,1934-35
0.692,,,1934-35
0.692,,,1934-35
0.692,,,1934-35
0.692,,,1934-35
0.692,,,1934-35
0.692,,,1934-35
0.692,,,1934-35
0.692,,,1934-35
0.692,,,1934-35
0.692,,,1934-35
0.692,,,1934-35
0.692,,,1934-35
0.692,,,1934-35
W-L%,PTS,SOS,Season
0.75,,,1933-34
0.75,,,1933-34
0.75,,,1933-34
0.75,,,1933-34
0.75,,,1933-34
0.75,,,1933-34
0.75,,,1933-34
0.75,,,1933-34
0.75,,,1933-34
0.75,,,1933-34
0.75,,,1933-34
0.75,,,1933-34
0.75,,,1933-34
0.75,,,1933-34
W-L%,PTS,SOS,Season
0.773,,,1932-33
0.773,,,1932-33
0.773,,,1932-33
0.773,,,1932-33
0.773,,,1932-33
0.773,,,1932-33
0.773,,,1932-33
0.773,,,1932-33
0.773,,,1932-33
0.773,,,1932-33
0.773,,,1932-33
0.773,,,1932-33
0.773,,,1932-33
0.773,,,1932-33
W-L%,PTS,SOS,Season
0.56,,,1931-32
0.56,,,1931-32
0.56,,,1931-32
0.56,,,1931-32
0.56,,,1931-32
0.56,,,1931-32
0.56,,,1931-32
0.56,,,1931-32
0.56,,,1931-32
0.56,,,1931-32
0.56,,,1931-32
0.56,,,1931-32
0.56,,,1931-32
0.56,,,1931-32
W-L%,PTS,SOS,Season
0.667,,,1930-31
0.667,,,1930-31
0.667,,,1930-31
0.667,,,1930-31
0.667,,,1930-31
0.667,,,1930-31
0.667,,,1930-31
0.667,,,1930-31
0.667,,,1930-31
0.667,,,1930-31
0.667,,,1930-31
0.667,,,1930-31
0.667,,,1930-31
0.667,,,1930-31
W-L%,PTS,SOS,Season
0.9,,,1929-30
0.9,,,1929-30
0.9,,,1929-30
0.9,,,1929-30
0.9,,,1929-30
0.9,,,1929-30
0.9,,,1929-30
0.9,,,1929-30
0.9,,,1929-30
0.9,,,1929-30
0.9,,,1929-30
0.9,,,1929-30
0.9,,,1929-30
0.9,,,1929-30
W-L%,PTS,SOS,Season
0.6,,,1928-29
0.6,,,1928-29
0.6,,,1928-29
0.6,,,1928-29
0.6,,,1928-29
0.6,,,1928-29
0.6,,,1928-29
0.6,,,1928-29
0.6,,,1928-29
0.6,,,1928-29
0.6,,,1928-29
0.6,,,1928-29
0.6,,,1928-29
0.6,,,1928-29
W-L%,PTS,SOS,Season
0.643,,,1927-28
0.643,,,1927-28
0.643,,,1927-28
0.643,,,1927-28
0.643,,,1927-28
0.643,,,1927-28
0.643,,,1927-28
0.643,,,1927-28
0.643,,,1927-28
0.643,,,1927-28
0.643,,,1927-28
0.643,,,1927-28
0.643,,,1927-28
0.643,,,1927-28
W-L%,PTS,SOS,Season
0.286,,,1926-27
0.286,,,1926-27
0.286,,,1926-27
0.286,,,1926-27
0.286,,,1926-27
0.286,,,1926-27
0.286,,,1926-27
0.286,,,1926-27
0.286,,,1926-27
0.286,,,1926-27
0.286,,,1926-27
0.286,,,1926-27
0.286,,,1926-27
0.286,,,1926-27
W-L%,PTS,SOS,Season
0.4,,,1925-26
0.4,,,1925-26
0.4,,,1925-26
0.4,,,1925-26
0.4,,,1925-26
0.4,,,1925-26
0.4,,,1925-26
0.4,,,1925-26
0.4,,,1925-26
0.4,,,1925-26
0.4,,,1925-26
0.4,,,1925-26
0.4,,,1925-26
0.4,,,1925-26
W-L%,PTS,SOS,Season
0.308,,,1924-25
0.308,,,1924-25
0.308,,,1924-25
0.308,,,1924-25
0.308,,,1924-25
0.308,,,1924-25
0.308,,,1924-25
0.308,,,1924-25
0.308,,,1924-25
0.308,,,1924-25
0.308,,,1924-25
0.308,,,1924-25
0.308,,,1924-25
0.308,,,1924-25
W-L%,PTS,SOS,Season
0.76,,,1923-24
0.76,,,1923-24
0.76,,,1923-24
0.76,,,1923-24
0.76,,,1923-24
0.76,,,1923-24
0.76,,,1923-24
0.76,,,1923-24
0.76,,,1923-24
0.76,,,1923-24
0.76,,,1923-24
0.76,,,1923-24
0.76,,,1923-24
0.76,,,1923-24
W-L%,PTS,SOS,Season
0.682,,,1922-23
0.682,,,1922-23
0.682,,,1922-23
0.682,,,1922-23
0.682,,,1922-23
0.682,,,1922-23
0.682,,,1922-23
0.682,,,1922-23
0.682,,,1922-23
0.682,,,1922-23
0.682,,,1922-23
0.682,,,1922-23
0.682,,,1922-23
0.682,,,1922-23
W-L%,PTS,SOS,Season
0.333,,,1921-22
0.333,,,1921-22
0.333,,,1921-22
0.333,,,1921-22
0.333,,,1921-22
0.333,,,1921-22
0.333,,,1921-22
0.333,,,1921-22
0.333,,,1921-22
0.333,,,1921-22
0.333,,,1921-22
0.333,,,1921-22
0.333,,,1921-22
0.333,,,1921-22
W-L%,PTS,SOS,Season
0.6,,,1920-21
0.6,,,1920-21
0.6,,,1920-21
0.6,,,1920-21
0.6,,,1920-21
0.6,,,1920-21
0.6,,,1920-21
0.6,,,1920-21
0.6,,,1920-21
0.6,,,1920-21
0.6,,,1920-21
0.6,,,1920-21
0.6,,,1920-21
0.6,,,1920-21
W-L%,PTS,SOS,Season
0.714,,,1919-20
0.714,,,1919-20
0.714,,,1919-20
0.714,,,1919-20
0.714,,,1919-20
0.714,,,1919-20
0.714,,,1919-20
0.714,,,1919-20
0.714,,,1919-20
0.714,,,1919-20
0.714,,,1919-20
0.714,,,1919-20
0.714,,,1919-20
0.714,,,1919-20
W-L%,PTS,SOS,Season
0.545,,,1918-19
0.545,,,1918-19
0.545,,,1918-19
0.545,,,1918-19
0.545,,,1918-19
0.545,,,1918-19
0.545,,,1918-19
0.545,,,1918-19
0.545,,,1918-19
0.545,,,1918-19
0.545,,,1918-19
0.545,,,1918-19
0.545,,,1918-19
0.545,,,1918-19
W-L%,PTS,SOS,Season
0.667,,,1917-18
0.667,,,1917-18
0.667,,,1917-18
0.667,,,1917-18
0.667,,,1917-18
0.667,,,1917-18
0.667,,,1917-18
0.667,,,1917-18
0.667,,,1917-18
0.667,,,1917-18
0.667,,,1917-18
0.667,,,1917-18
0.667,,,1917-18
0.667,,,1917-18
W-L%,PTS,SOS,Season
0.833,,,1916-17
0.833,,,1916-17
0.833,,,1916-17
0.833,,,1916-17
0.833,,,1916-17
0.833,,,1916-17
0.833,,,1916-17
0.833,,,1916-17
0.833,,,1916-17
0.833,,,1916-17
0.833,,,1916-17
0.833,,,1916-17
0.833,,,1916-17
0.833,,,1916-17
W-L%,PTS,SOS,Season
W-L%,PTS,SOS,Season
W-L%,PTS,SOS,Season
W-L%,PTS,SOS,Season
W-L%,PTS,SOS,Season
W-L%,PTS,SOS,Season
W-L%,PTS,SOS,Season
W-L%,PTS,SOS,Season
W-L%,PTS,SOS,Season
W-L%,PTS,SOS,Season
W-L%,PTS,SOS,Season
W-L%,PTS,SOS,Season
W-L%,PTS,SOS,Season
W-L%,PTS,SOS,Season
W-L%,PTS,SOS,Season
W-L%,PTS,SOS,Season
0.45,,,1915-16
0.45,,,1915-16
0.45,,,1915-16
0.45,,,1915-16
0.45,,,1915-16
0.45,,,1915-16
0.45,,,1915-16
0.45,,,1915-16
0.45,,,1915-16
0.45,,,1915-16
0.45,,,1915-16
0.45,,,1915-16
0.45,,,1915-16
0.45,,,1915-16
W-L%,PTS,SOS,Season
0.5,,,1914-15
0.5,,,1914-15
0.5,,,1914-15
0.5,,,1914-15
0.5,,,1914-15
0.5,,,1914-15
0.5,,,1914-15
0.5,,,1914-15
0.5,,,1914-15
0.5,,,1914-15
0.5,,,1914-15
0.5,,,1914-15
0.5,,,1914-15
0.5,,,1914-15
W-L%,PTS,SOS,Season
0.571,,,1913-14
0.571,,,1913-14
0.571,,,1913-14
0.571,,,1913-14
0.571,,,1913-14
0.571,,,1913-14
0.571,,,1913-14
0.571,,,1913-14
0.571,,,1913-14
0.571,,,1913-14
0.571,,,1913-14
0.571,,,1913-14
0.571,,,1913-14
0.571,,,1913-14
W-L%,PTS,SOS,Season
0.579,,,1912-13
0.579,,,1912-13
0.579,,,1912-13
0.579,,,1912-13
0.579,,,1912-13
0.579,,,1912-13
0.579,,,1912-13
0.579,,,1912-13
0.579,,,1912-13
0.579,,,1912-13
0.579,,,1912-13
0.579,,,1912-13
0.579,,,1912-13
0.579,,,1912-13
W-L%,PTS,SOS,Season
0.857,,,1911-12
0.857,,,1911-12
0.857,,,1911-12
0.857,,,1911-12
0.857,,,1911-12
0.857,,,1911-12
0.857,,,1911-12
0.857,,,1911-12
0.857,,,1911-12
0.857,,,1911-12
0.857,,,1911-12
0.857,,,1911-12
0.857,,,1911-12
0.857,,,1911-12
W-L%,PTS,SOS,Season
0.571,,,1910-11
0.571,,,1910-11
0.571,,,1910-11
0.571,,,1910-11
0.571,,,1910-11
0.571,,,1910-11
0.571,,,1910-11
0.571,,,1910-11
0.571,,,1910-11
0.571,,,1910-11
0.571,,,1910-11
0.571,,,1910-11
0.571,,,1910-11
0.571,,,1910-11
W-L%,PTS,SOS,Season
0.5,,,1909-10
0.5,,,1909-10
0.5,,,1909-10
0.5,,,1909-10
0.5,,,1909-10
0.5,,,1909-10
0.5,,,1909-10
0.5,,,1909-10
0.5,,,1909-10
0.5,,,1909-10
0.5,,,1909-10
0.5,,,1909-10
0.5,,,1909-10
0.5,,,1909-10
W-L%,PTS,SOS,Season
0.889,,,1908-09
0.889,,,1908-09
0.889,,,1908-09
0.889,,,1908-09
0.889,,,1908-09
0.889,,,1908-09
0.889,,,1908-09
0.889,,,1908-09
0.889,,,1908-09
0.889,,,1908-09
0.889,,,1908-09
0.889,,,1908-09
0.889,,,1908-09
0.889,,,1908-09
W-L%,PTS,SOS,Season
0.4,,,1907-08
0.4,,,1907-08
0.4,,,1907-08
0.4,,,1907-08
0.4,,,1907-08
0.4,,,1907-08
0.4,,,1907-08
0.4,,,1907-08
0.4,,,1907-08
0.4,,,1907-08
0.4,,,1907-08
0.4,,,1907-08
0.4,,,1907-08
0.4,,,1907-08
W-L%,PTS,SOS,Season
0.667,,,1906-07
0.667,,,1906-07
0.667,,,1906-07
0.667,,,1906-07
0.667,,,1906-07
0.667,,,1906-07
0.667,,,1906-07
0.667,,,1906-07
0.667,,,1906-07
0.667,,,1906-07
0.667,,,1906-07
0.667,,,1906-07
0.667,,,1906-07
0.667,,,1906-07
W-L%,PTS,SOS,Season
0.4,,,1905-06
0.4,,,1905-06
0.4,,,1905-06
0.4,,,1905-06
0.4,,,1905-06
0.4,,,1905-06
0.4,,,1905-06
0.4,,,1905-06
0.4,,,1905-06
0.4,,,1905-06
0.4,,,1905-06
0.4,,,1905-06
0.4,,,1905-06
0.4,,,1905-06
